-- phpMyAdmin SQL Dump
-- version 5.1.1
-- https://www.phpmyadmin.net/
--
-- Host: 127.0.0.1
-- Generation Time: Jun 20, 2022 at 05:38 AM
-- Server version: 10.4.21-MariaDB
-- PHP Version: 8.0.10

SET SQL_MODE = "NO_AUTO_VALUE_ON_ZERO";
START TRANSACTION;
SET time_zone = "+00:00";


/*!40101 SET @OLD_CHARACTER_SET_CLIENT=@@CHARACTER_SET_CLIENT */;
/*!40101 SET @OLD_CHARACTER_SET_RESULTS=@@CHARACTER_SET_RESULTS */;
/*!40101 SET @OLD_COLLATION_CONNECTION=@@COLLATION_CONNECTION */;
/*!40101 SET NAMES utf8mb4 */;

--
-- Database: `nta_docs`
--

-- --------------------------------------------------------

--
-- Table structure for table `documents`
--

CREATE TABLE `documents` (
  `id` bigint(20) UNSIGNED NOT NULL,
  `document_folder_id` int(11) NOT NULL,
  `name` varchar(255) COLLATE utf8mb4_unicode_ci NOT NULL,
  `description` text COLLATE utf8mb4_unicode_ci DEFAULT NULL,
  `file_path` varchar(255) COLLATE utf8mb4_unicode_ci NOT NULL,
  `fiscal_year_id` int(11) NOT NULL,
  `created_at` timestamp NULL DEFAULT NULL,
  `updated_at` timestamp NULL DEFAULT NULL
) ENGINE=InnoDB DEFAULT CHARSET=utf8mb4 COLLATE=utf8mb4_unicode_ci;

--
-- Dumping data for table `documents`
--

INSERT INTO `documents` (`id`, `document_folder_id`, `name`, `description`, `file_path`, `fiscal_year_id`, `created_at`, `updated_at`) VALUES
(2, 1, '39250.pdf', NULL, '39250.pdf', 1, NULL, NULL),
(3, 1, 'Akhtiyar sanga sambandhit (2077) Report.xlsx', NULL, 'Akhtiyar sanga sambandhit (2077) Report.xlsx', 1, NULL, NULL),
(4, 2, '1021.pdf', NULL, '1021.pdf', 1, NULL, NULL),
(5, 2, '1153.pdf', NULL, '1153.pdf', 1, NULL, NULL),
(6, 2, '1755.pdf', NULL, '1755.pdf', 1, NULL, NULL),
(7, 2, '2103.pdf', NULL, '2103.pdf', 1, NULL, NULL),
(8, 2, '2400.pdf', NULL, '2400.pdf', 1, NULL, NULL),
(9, 2, '3332.pdf', NULL, '3332.pdf', 1, NULL, NULL),
(10, 2, '3820.pdf', NULL, '3820.pdf', 1, NULL, NULL),
(11, 2, '4082.pdf', NULL, '4082.pdf', 1, NULL, NULL),
(12, 2, '413.pdf', NULL, '413.pdf', 1, NULL, NULL),
(13, 2, '4247.pdf', NULL, '4247.pdf', 1, NULL, NULL),
(14, 2, '988.pdf', NULL, '988.pdf', 1, NULL, NULL),
(15, 2, 'Banke, Bardiya, Dang, Kailali and Kanchanpur Report.xlsx', NULL, 'Banke, Bardiya, Dang, Kailali and Kanchanpur Report.xlsx', 1, NULL, NULL),
(16, 3, '1093.pdf', NULL, '1093.pdf', 1, NULL, NULL),
(17, 3, '18.pdf', NULL, '18.pdf', 1, NULL, NULL),
(18, 3, '3291.pdf', NULL, '3291.pdf', 1, NULL, NULL),
(19, 3, '5300.pdf', NULL, '5300.pdf', 1, NULL, NULL),
(20, 3, '5443.pdf', NULL, '5443.pdf', 1, NULL, NULL),
(21, 3, '6909.pdf', NULL, '6909.pdf', 1, NULL, NULL),
(22, 3, '7065.pdf', NULL, '7065.pdf', 1, NULL, NULL),
(23, 3, '7113.pdf', NULL, '7113.pdf', 1, NULL, NULL),
(24, 3, '7433.pdf', NULL, '7433.pdf', 1, NULL, NULL),
(25, 3, '801.pdf', NULL, '801.pdf', 1, NULL, NULL),
(26, 3, 'Broadband Connectivity Karnali 8 Districts Report.xlsx', NULL, 'Broadband Connectivity Karnali 8 Districts Report.xlsx', 1, NULL, NULL),
(27, 4, '1007.pdf', NULL, '1007.pdf', 1, NULL, NULL),
(28, 4, '1036.pdf', NULL, '1036.pdf', 1, NULL, NULL),
(29, 4, '122.pdf', NULL, '122.pdf', 1, NULL, NULL),
(30, 4, '1315.pdf', NULL, '1315.pdf', 1, NULL, NULL),
(31, 4, '1366.pdf', NULL, '1366.pdf', 1, NULL, NULL),
(32, 4, '141.pdf', NULL, '141.pdf', 1, NULL, NULL),
(33, 4, '1653.pdf', NULL, '1653.pdf', 1, NULL, NULL),
(34, 4, '19.pdf', NULL, '19.pdf', 1, NULL, NULL),
(35, 4, '2022.pdf', NULL, '2022.pdf', 1, NULL, NULL),
(36, 4, '2088.pdf', NULL, '2088.pdf', 1, NULL, NULL),
(37, 4, '2159.pdf', NULL, '2159.pdf', 1, NULL, NULL),
(38, 4, '2835.pdf', NULL, '2835.pdf', 1, NULL, NULL),
(39, 4, '2836.pdf', NULL, '2836.pdf', 1, NULL, NULL),
(40, 4, '2837.pdf', NULL, '2837.pdf', 1, NULL, NULL),
(41, 4, '2890.pdf', NULL, '2890.pdf', 1, NULL, NULL),
(42, 4, '312.pdf', NULL, '312.pdf', 1, NULL, NULL),
(43, 4, '3240.pdf', NULL, '3240.pdf', 1, NULL, NULL),
(44, 4, '3277.pdf', NULL, '3277.pdf', 1, NULL, NULL),
(45, 4, '3521.pdf', NULL, '3521.pdf', 1, NULL, NULL),
(46, 4, '3786.pdf', NULL, '3786.pdf', 1, NULL, NULL),
(47, 4, '3887.pdf', NULL, '3887.pdf', 1, NULL, NULL),
(48, 4, '3996.pdf', NULL, '3996.pdf', 1, NULL, NULL),
(49, 4, '4467.pdf', NULL, '4467.pdf', 1, NULL, NULL),
(50, 4, '464.pdf', NULL, '464.pdf', 1, NULL, NULL),
(51, 4, '465.pdf', NULL, '465.pdf', 1, NULL, NULL),
(52, 4, '4775.pdf', NULL, '4775.pdf', 1, NULL, NULL),
(53, 4, '4841.pdf', NULL, '4841.pdf', 1, NULL, NULL),
(54, 4, '6009.pdf', NULL, '6009.pdf', 1, NULL, NULL),
(55, 4, '6047.pdf', NULL, '6047.pdf', 1, NULL, NULL),
(56, 4, '68.pdf', NULL, '68.pdf', 1, NULL, NULL),
(57, 4, '7522.pdf', NULL, '7522.pdf', 1, NULL, NULL),
(58, 4, '7664.pdf', NULL, '7664.pdf', 1, NULL, NULL),
(59, 4, '7675.pdf', NULL, '7675.pdf', 1, NULL, NULL),
(60, 4, '8033.pdf', NULL, '8033.pdf', 1, NULL, NULL),
(61, 4, '8283.pdf', NULL, '8283.pdf', 1, NULL, NULL),
(62, 4, '8354.pdf', NULL, '8354.pdf', 1, NULL, NULL),
(63, 4, '8391.pdf', NULL, '8391.pdf', 1, NULL, NULL),
(64, 4, '8511.pdf', NULL, '8511.pdf', 1, NULL, NULL),
(65, 4, '8531.pdf', NULL, '8531.pdf', 1, NULL, NULL),
(66, 4, '8532.pdf', NULL, '8532.pdf', 1, NULL, NULL),
(67, 4, '853.pdf', NULL, '853.pdf', 1, NULL, NULL),
(68, 4, '859.pdf', NULL, '859.pdf', 1, NULL, NULL),
(69, 4, '8700.pdf', NULL, '8700.pdf', 1, NULL, NULL),
(70, 4, '8954.pdf', NULL, '8954.pdf', 1, NULL, NULL),
(71, 4, '8955.pdf', NULL, '8955.pdf', 1, NULL, NULL),
(72, 4, '9172.pdf', NULL, '9172.pdf', 1, NULL, NULL),
(73, 4, '9346.pdf', NULL, '9346.pdf', 1, NULL, NULL),
(74, 4, '9375.pdf', NULL, '9375.pdf', 1, NULL, NULL),
(75, 4, '9386.pdf', NULL, '9386.pdf', 1, NULL, NULL),
(76, 4, '939.pdf', NULL, '939.pdf', 1, NULL, NULL),
(77, 4, '9453.pdf', NULL, '9453.pdf', 1, NULL, NULL),
(78, 4, '9740.pdf', NULL, '9740.pdf', 1, NULL, NULL),
(79, 4, '9965.pdf', NULL, '9965.pdf', 1, NULL, NULL),
(80, 4, 'Broadband Connectivity Karnali Package AB WorldLink Communications Pvt Ltd. (2074-75) Report.xlsx', NULL, 'Broadband Connectivity Karnali Package AB WorldLink Communications Pvt Ltd. (2074-75) Report.xlsx', 1, NULL, NULL),
(81, 5, '1930.pdf', NULL, '1930.pdf', 1, NULL, NULL),
(82, 5, '2165.pdf', NULL, '2165.pdf', 1, NULL, NULL),
(83, 5, '2616.pdf', NULL, '2616.pdf', 1, NULL, NULL),
(84, 5, '2624.pdf', NULL, '2624.pdf', 1, NULL, NULL),
(85, 5, '3673.pdf', NULL, '3673.pdf', 1, NULL, NULL),
(86, 5, '4854.pdf', NULL, '4854.pdf', 1, NULL, NULL),
(87, 5, '6353.pdf', NULL, '6353.pdf', 1, NULL, NULL),
(88, 5, '7302.pdf', NULL, '7302.pdf', 1, NULL, NULL),
(89, 5, '7863.pdf', NULL, '7863.pdf', 1, NULL, NULL),
(90, 5, '8229.pdf', NULL, '8229.pdf', 1, NULL, NULL),
(91, 5, '8346.pdf', NULL, '8346.pdf', 1, NULL, NULL),
(92, 5, '8473.pdf', NULL, '8473.pdf', 1, NULL, NULL),
(93, 5, '9014.pdf', NULL, '9014.pdf', 1, NULL, NULL),
(94, 5, '9993.pdf', NULL, '9993.pdf', 1, NULL, NULL),
(95, 5, 'Broadband Connectivity Lalitpur Report.xlsx', NULL, 'Broadband Connectivity Lalitpur Report.xlsx', 1, NULL, NULL),
(96, 6, '1004.pdf', NULL, '1004.pdf', 1, NULL, NULL),
(97, 6, '1230.pdf', NULL, '1230.pdf', 1, NULL, NULL),
(98, 6, '1231.pdf', NULL, '1231.pdf', 1, NULL, NULL),
(99, 6, '1443.pdf', NULL, '1443.pdf', 1, NULL, NULL),
(100, 6, '1459.pdf', NULL, '1459.pdf', 1, NULL, NULL),
(101, 6, '1537.pdf', NULL, '1537.pdf', 1, NULL, NULL),
(102, 6, '1579.pdf', NULL, '1579.pdf', 1, NULL, NULL),
(103, 6, '1740.pdf', NULL, '1740.pdf', 1, NULL, NULL),
(104, 6, '1783.pdf', NULL, '1783.pdf', 1, NULL, NULL),
(105, 6, '2199.pdf', NULL, '2199.pdf', 1, NULL, NULL),
(106, 6, '2231.pdf', NULL, '2231.pdf', 1, NULL, NULL),
(107, 6, '2614.pdf', NULL, '2614.pdf', 1, NULL, NULL),
(108, 6, '2725.pdf', NULL, '2725.pdf', 1, NULL, NULL),
(109, 6, '2926.pdf', NULL, '2926.pdf', 1, NULL, NULL),
(110, 6, '3262.pdf', NULL, '3262.pdf', 1, NULL, NULL),
(111, 6, '3316.pdf', NULL, '3316.pdf', 1, NULL, NULL),
(112, 6, '3321.pdf', NULL, '3321.pdf', 1, NULL, NULL),
(113, 6, '3512.pdf', NULL, '3512.pdf', 1, NULL, NULL),
(114, 6, '3798.pdf', NULL, '3798.pdf', 1, NULL, NULL),
(115, 6, '4065.pdf', NULL, '4065.pdf', 1, NULL, NULL),
(116, 6, '4146.pdf', NULL, '4146.pdf', 1, NULL, NULL),
(117, 6, '4871.pdf', NULL, '4871.pdf', 1, NULL, NULL),
(118, 6, '5154.pdf', NULL, '5154.pdf', 1, NULL, NULL),
(119, 6, '7136.pdf', NULL, '7136.pdf', 1, NULL, NULL),
(120, 6, '7431.pdf', NULL, '7431.pdf', 1, NULL, NULL),
(121, 6, '7442.pdf', NULL, '7442.pdf', 1, NULL, NULL),
(122, 6, '7479.pdf', NULL, '7479.pdf', 1, NULL, NULL),
(123, 6, '7821.pdf', NULL, '7821.pdf', 1, NULL, NULL),
(124, 6, '7822.pdf', NULL, '7822.pdf', 1, NULL, NULL),
(125, 6, '825.pdf', NULL, '825.pdf', 1, NULL, NULL),
(126, 6, '844.pdf', NULL, '844.pdf', 1, NULL, NULL),
(127, 6, '9011.pdf', NULL, '9011.pdf', 1, NULL, NULL),
(128, 6, '924.pdf', NULL, '924.pdf', 1, NULL, NULL),
(129, 6, '925.pdf', NULL, '925.pdf', 1, NULL, NULL),
(130, 6, '9958.pdf', NULL, '9958.pdf', 1, NULL, NULL),
(131, 6, 'Broadband Internet Access Province 1 (Taplejung, Sankhuwasabha,Solukhumbu) Report.xlsx', NULL, 'Broadband Internet Access Province 1 (Taplejung, Sankhuwasabha,Solukhumbu) Report.xlsx', 1, NULL, NULL),
(132, 7, '1014.pdf', NULL, '1014.pdf', 1, NULL, NULL),
(133, 7, '1057.pdf', NULL, '1057.pdf', 1, NULL, NULL),
(134, 7, '1476.pdf', NULL, '1476.pdf', 1, NULL, NULL),
(135, 7, '1538.pdf', NULL, '1538.pdf', 1, NULL, NULL),
(136, 7, '1580.pdf', NULL, '1580.pdf', 1, NULL, NULL),
(137, 7, '1593.pdf', NULL, '1593.pdf', 1, NULL, NULL),
(138, 7, '1683.pdf', NULL, '1683.pdf', 1, NULL, NULL),
(139, 7, '1699.pdf', NULL, '1699.pdf', 1, NULL, NULL),
(140, 7, '1741.pdf', NULL, '1741.pdf', 1, NULL, NULL),
(141, 7, '1924.pdf', NULL, '1924.pdf', 1, NULL, NULL),
(142, 7, '2069.pdf', NULL, '2069.pdf', 1, NULL, NULL),
(143, 7, '2800.pdf', NULL, '2800.pdf', 1, NULL, NULL),
(144, 7, '2879.pdf', NULL, '2879.pdf', 1, NULL, NULL),
(145, 7, '3044.pdf', NULL, '3044.pdf', 1, NULL, NULL),
(146, 7, '3176.pdf', NULL, '3176.pdf', 1, NULL, NULL),
(147, 7, '3336.pdf', NULL, '3336.pdf', 1, NULL, NULL),
(148, 7, '3413.pdf', NULL, '3413.pdf', 1, NULL, NULL),
(149, 7, '3488.pdf', NULL, '3488.pdf', 1, NULL, NULL),
(150, 7, '3640.pdf', NULL, '3640.pdf', 1, NULL, NULL),
(151, 7, '3677.pdf', NULL, '3677.pdf', 1, NULL, NULL),
(152, 7, '3750.pdf', NULL, '3750.pdf', 1, NULL, NULL),
(153, 7, '4172.pdf', NULL, '4172.pdf', 1, NULL, NULL),
(154, 7, '4442.pdf', NULL, '4442.pdf', 1, NULL, NULL),
(155, 7, '4496.pdf', NULL, '4496.pdf', 1, NULL, NULL),
(156, 7, '4886.pdf', NULL, '4886.pdf', 1, NULL, NULL),
(157, 7, '5022.pdf', NULL, '5022.pdf', 1, NULL, NULL),
(158, 7, '7278.pdf', NULL, '7278.pdf', 1, NULL, NULL),
(159, 7, '7626.pdf', NULL, '7626.pdf', 1, NULL, NULL),
(160, 7, '7742.pdf', NULL, '7742.pdf', 1, NULL, NULL),
(161, 7, '7841.pdf', NULL, '7841.pdf', 1, NULL, NULL),
(162, 7, '8446.pdf', NULL, '8446.pdf', 1, NULL, NULL),
(163, 7, '8447.pdf', NULL, '8447.pdf', 1, NULL, NULL),
(164, 7, '8612.pdf', NULL, '8612.pdf', 1, NULL, NULL),
(165, 7, '8800.pdf', NULL, '8800.pdf', 1, NULL, NULL),
(166, 7, '8844.pdf', NULL, '8844.pdf', 1, NULL, NULL),
(167, 7, '9043.pdf', NULL, '9043.pdf', 1, NULL, NULL),
(168, 7, '9144.pdf', NULL, '9144.pdf', 1, NULL, NULL),
(169, 7, '9208.pdf', NULL, '9208.pdf', 1, NULL, NULL),
(170, 7, '9296.pdf', NULL, '9296.pdf', 1, NULL, NULL),
(171, 7, '9422.pdf', NULL, '9422.pdf', 1, NULL, NULL),
(172, 7, 'Broadband Internet Access Province 7 Report.xlsx', NULL, 'Broadband Internet Access Province 7 Report.xlsx', 1, NULL, NULL),
(173, 8, '1340.pdf', NULL, '1340.pdf', 1, NULL, NULL),
(174, 8, '1356.pdf', NULL, '1356.pdf', 1, NULL, NULL),
(175, 8, '1402.pdf', NULL, '1402.pdf', 1, NULL, NULL),
(176, 8, '1739.pdf', NULL, '1739.pdf', 1, NULL, NULL),
(177, 8, '1757.pdf', NULL, '1757.pdf', 1, NULL, NULL),
(178, 8, '1758.pdf', NULL, '1758.pdf', 1, NULL, NULL),
(179, 8, '1839.pdf', NULL, '1839.pdf', 1, NULL, NULL),
(180, 8, '1985.pdf', NULL, '1985.pdf', 1, NULL, NULL),
(181, 8, '3861.pdf', NULL, '3861.pdf', 1, NULL, NULL),
(182, 8, '3980.pdf', NULL, '3980.pdf', 1, NULL, NULL),
(183, 8, '4020.pdf', NULL, '4020.pdf', 1, NULL, NULL),
(184, 8, '4090.pdf', NULL, '4090.pdf', 1, NULL, NULL),
(185, 8, '4285.pdf', NULL, '4285.pdf', 1, NULL, NULL),
(186, 8, '4373.pdf', NULL, '4373.pdf', 1, NULL, NULL),
(187, 8, '4709.pdf', NULL, '4709.pdf', 1, NULL, NULL),
(188, 8, '482.pdf', NULL, '482.pdf', 1, NULL, NULL),
(189, 8, '604.pdf', NULL, '604.pdf', 1, NULL, NULL),
(190, 8, '7844.pdf', NULL, '7844.pdf', 1, NULL, NULL),
(191, 8, '7921.pdf', NULL, '7921.pdf', 1, NULL, NULL),
(192, 8, '8003.pdf', NULL, '8003.pdf', 1, NULL, NULL),
(193, 8, '8255.pdf', NULL, '8255.pdf', 1, NULL, NULL),
(194, 8, '8340.pdf', NULL, '8340.pdf', 1, NULL, NULL),
(195, 8, '8365.pdf', NULL, '8365.pdf', 1, NULL, NULL),
(196, 8, '8461.pdf', NULL, '8461.pdf', 1, NULL, NULL),
(197, 8, '8467.pdf', NULL, '8467.pdf', 1, NULL, NULL),
(198, 8, '8567.pdf', NULL, '8567.pdf', 1, NULL, NULL),
(199, 8, '8575.pdf', NULL, '8575.pdf', 1, NULL, NULL),
(200, 8, '8675.pdf', NULL, '8675.pdf', 1, NULL, NULL),
(201, 8, '8778.pdf', NULL, '8778.pdf', 1, NULL, NULL),
(202, 8, '9191.pdf', NULL, '9191.pdf', 1, NULL, NULL),
(203, 8, '9193.pdf', NULL, '9193.pdf', 1, NULL, NULL),
(204, 8, '9363.pdf', NULL, '9363.pdf', 1, NULL, NULL),
(205, 8, '9436.pdf', NULL, '9436.pdf', 1, NULL, NULL),
(206, 8, '9489.pdf', NULL, '9489.pdf', 1, NULL, NULL),
(207, 8, '948.pdf', NULL, '948.pdf', 1, NULL, NULL),
(208, 8, '9506.pdf', NULL, '9506.pdf', 1, NULL, NULL),
(209, 8, '9513.pdf', NULL, '9513.pdf', 1, NULL, NULL),
(210, 8, 'Broadband Internet Province - 2 Subisu Cablenet Pvt. Ltd. Report.xlsx', NULL, 'Broadband Internet Province - 2 Subisu Cablenet Pvt. Ltd. Report.xlsx', 1, NULL, NULL),
(211, 9, '1208.pdf', NULL, '1208.pdf', 1, NULL, NULL),
(212, 9, '1379.pdf', NULL, '1379.pdf', 1, NULL, NULL),
(213, 9, '1546.pdf', NULL, '1546.pdf', 1, NULL, NULL),
(214, 9, '1584.pdf', NULL, '1584.pdf', 1, NULL, NULL),
(215, 9, '1674.pdf', NULL, '1674.pdf', 1, NULL, NULL),
(216, 9, '1944.pdf', NULL, '1944.pdf', 1, NULL, NULL),
(217, 9, '1949.pdf', NULL, '1949.pdf', 1, NULL, NULL),
(218, 9, '2456.pdf', NULL, '2456.pdf', 1, NULL, NULL),
(219, 9, '2473.pdf', NULL, '2473.pdf', 1, NULL, NULL),
(220, 9, '2617.pdf', NULL, '2617.pdf', 1, NULL, NULL),
(221, 9, '2803.pdf', NULL, '2803.pdf', 1, NULL, NULL),
(222, 9, '2879.pdf', NULL, '2879.pdf', 1, NULL, NULL),
(223, 9, '2909.pdf', NULL, '2909.pdf', 1, NULL, NULL),
(224, 9, '3044.pdf', NULL, '3044.pdf', 1, NULL, NULL),
(225, 9, '3206.pdf', NULL, '3206.pdf', 1, NULL, NULL),
(226, 9, '3383.pdf', NULL, '3383.pdf', 1, NULL, NULL),
(227, 9, '3449.pdf', NULL, '3449.pdf', 1, NULL, NULL),
(228, 9, '3592.pdf', NULL, '3592.pdf', 1, NULL, NULL),
(229, 9, '8461.pdf', NULL, '8461.pdf', 1, NULL, NULL),
(230, 9, 'Broadband Internet Province-2, Subisu Cablenet Pvt Ltd. (2076-77) Report.xlsx', NULL, 'Broadband Internet Province-2, Subisu Cablenet Pvt Ltd. (2076-77) Report.xlsx', 1, NULL, NULL),
(231, 10, '2136.pdf', NULL, '2136.pdf', 1, NULL, NULL),
(232, 10, '2996.pdf', NULL, '2996.pdf', 1, NULL, NULL),
(233, 10, '3462.pdf', NULL, '3462.pdf', 1, NULL, NULL),
(234, 10, '3463.pdf', NULL, '3463.pdf', 1, NULL, NULL),
(235, 10, '3587.pdf', NULL, '3587.pdf', 1, NULL, NULL),
(236, 10, '3640.pdf', NULL, '3640.pdf', 1, NULL, NULL),
(237, 10, '3645.pdf', NULL, '3645.pdf', 1, NULL, NULL),
(238, 10, '3791.pdf', NULL, '3791.pdf', 1, NULL, NULL),
(239, 10, '3829.pdf', NULL, '3829.pdf', 1, NULL, NULL),
(240, 10, '4155.pdf', NULL, '4155.pdf', 1, NULL, NULL),
(241, 10, '4722.pdf', NULL, '4722.pdf', 1, NULL, NULL),
(242, 10, '8038.pdf', NULL, '8038.pdf', 1, NULL, NULL),
(243, 10, 'Broadband Project ( 4 dist of Province 4 ) ( Baglung, Myagdi, Manang and Mustang ) Report.xlsx', NULL, 'Broadband Project ( 4 dist of Province 4 ) ( Baglung, Myagdi, Manang and Mustang ) Report.xlsx', 1, NULL, NULL),
(244, 11, '1052.pdf', NULL, '1052.pdf', 1, NULL, NULL),
(245, 11, '1053.pdf', NULL, '1053.pdf', 1, NULL, NULL),
(246, 11, '1407.pdf', NULL, '1407.pdf', 1, NULL, NULL),
(247, 11, '1408.pdf', NULL, '1408.pdf', 1, NULL, NULL),
(248, 11, '1466.pdf', NULL, '1466.pdf', 1, NULL, NULL),
(249, 11, '1763.pdf', NULL, '1763.pdf', 1, NULL, NULL),
(250, 11, '1769.pdf', NULL, '1769.pdf', 1, NULL, NULL),
(251, 11, '2.pdf', NULL, '2.pdf', 1, NULL, NULL),
(252, 11, '540.pdf', NULL, '540.pdf', 1, NULL, NULL),
(253, 11, '580.pdf', NULL, '580.pdf', 1, NULL, NULL),
(254, 11, '586.pdf', NULL, '586.pdf', 1, NULL, NULL),
(255, 11, '588.pdf', NULL, '588.pdf', 1, NULL, NULL),
(256, 11, '634.pdf', NULL, '634.pdf', 1, NULL, NULL),
(257, 11, '660.pdf', NULL, '660.pdf', 1, NULL, NULL),
(258, 11, '687.pdf', NULL, '687.pdf', 1, NULL, NULL),
(259, 11, '736.pdf', NULL, '736.pdf', 1, NULL, NULL),
(260, 11, '7.pdf', NULL, '7.pdf', 1, NULL, NULL),
(261, 11, '9.pdf', NULL, '9.pdf', 1, NULL, NULL),
(262, 11, 'Broad Band Projects Province 1, 3, 5 and 7 Report.xlsx', NULL, 'Broad Band Projects Province 1, 3, 5 and 7 Report.xlsx', 1, NULL, NULL),
(263, 12, '4686.pdf', NULL, '4686.pdf', 1, NULL, NULL),
(264, 12, 'Digitization-Radiant Info-tech Nepal Pvt. Ltd. Report.xlsx', NULL, 'Digitization-Radiant Info-tech Nepal Pvt. Ltd. Report.xlsx', 1, NULL, NULL),
(265, 13, '1.pdf', NULL, '1.pdf', 1, NULL, NULL),
(266, 13, '242.pdf', NULL, '242.pdf', 1, NULL, NULL),
(267, 13, '2.pdf', NULL, '2.pdf', 1, NULL, NULL),
(268, 13, '3458.pdf', NULL, '3458.pdf', 1, NULL, NULL),
(269, 13, '3922.pdf', NULL, '3922.pdf', 1, NULL, NULL),
(270, 13, '3977.pdf', NULL, '3977.pdf', 1, NULL, NULL),
(271, 13, '3978.pdf', NULL, '3978.pdf', 1, NULL, NULL),
(272, 13, '4148.pdf', NULL, '4148.pdf', 1, NULL, NULL),
(273, 13, '4183.pdf', NULL, '4183.pdf', 1, NULL, NULL),
(274, 13, '4196.pdf', NULL, '4196.pdf', 1, NULL, NULL),
(275, 13, '4210.pdf', NULL, '4210.pdf', 1, NULL, NULL),
(276, 13, '4809.pdf', NULL, '4809.pdf', 1, NULL, NULL),
(277, 13, '4919.pdf', NULL, '4919.pdf', 1, NULL, NULL),
(278, 13, '4983.pdf', NULL, '4983.pdf', 1, NULL, NULL),
(279, 13, '4.pdf', NULL, '4.pdf', 1, NULL, NULL),
(280, 13, '5017.pdf', NULL, '5017.pdf', 1, NULL, NULL),
(281, 13, '5807.pdf', NULL, '5807.pdf', 1, NULL, NULL),
(282, 13, '5.pdf', NULL, '5.pdf', 1, NULL, NULL),
(283, 13, '6365.pdf', NULL, '6365.pdf', 1, NULL, NULL),
(284, 13, '891.pdf', NULL, '891.pdf', 1, NULL, NULL),
(285, 13, 'Earthquake Affected Districts File report.xlsx', NULL, 'Earthquake Affected Districts File report.xlsx', 1, NULL, NULL),
(286, 14, '2296.pdf', NULL, '2296.pdf', 1, NULL, NULL),
(287, 14, 'Gap Analysis _ Smart Management and Research Team Pvt Ltd. Report.xlsx', NULL, 'Gap Analysis _ Smart Management and Research Team Pvt Ltd. Report.xlsx', 1, NULL, NULL),
(288, 15, '2456.pdf', NULL, '2456.pdf', 1, NULL, NULL),
(289, 15, '3441.pdf', NULL, '3441.pdf', 1, NULL, NULL),
(290, 15, '3991.pdf', NULL, '3991.pdf', 1, NULL, NULL),
(291, 15, '4053.pdf', NULL, '4053.pdf', 1, NULL, NULL),
(292, 15, '4617.pdf', NULL, '4617.pdf', 1, NULL, NULL),
(293, 15, '4618.pdf', NULL, '4618.pdf', 1, NULL, NULL),
(294, 15, '5081.pdf', NULL, '5081.pdf', 1, NULL, NULL),
(295, 15, '5263.pdf', NULL, '5263.pdf', 1, NULL, NULL),
(296, 15, '5394.pdf', NULL, '5394.pdf', 1, NULL, NULL),
(297, 15, '5458.pdf', NULL, '5458.pdf', 1, NULL, NULL),
(298, 15, 'Gulmi, Palpa, ArghaKhanchi and Pyuthan (Techminds Network Pvt Ltd.) Report.xlsx', NULL, 'Gulmi, Palpa, ArghaKhanchi and Pyuthan (Techminds Network Pvt Ltd.) Report.xlsx', 1, NULL, NULL),
(299, 16, '217 Backbone fiber -p2.pdf', NULL, '217 Backbone fiber -p2.pdf', 1, NULL, NULL),
(300, 16, '217 package-2.pdf', NULL, '217 package-2.pdf', 1, NULL, NULL),
(301, 16, '217.pdf', NULL, '217.pdf', 1, NULL, NULL),
(302, 16, '5079.pdf', NULL, '5079.pdf', 1, NULL, NULL),
(303, 16, 'Insurance of RTDF Projects Report.xlsx', NULL, 'Insurance of RTDF Projects Report.xlsx', 1, NULL, NULL),
(304, 17, '1073.pdf', NULL, '1073.pdf', 1, NULL, NULL),
(305, 17, '1074.pdf', NULL, '1074.pdf', 1, NULL, NULL),
(306, 17, '1075.pdf', NULL, '1075.pdf', 1, NULL, NULL),
(307, 17, '1076.pdf', NULL, '1076.pdf', 1, NULL, NULL),
(308, 17, '1137.pdf', NULL, '1137.pdf', 1, NULL, NULL),
(309, 17, '1228.pdf', NULL, '1228.pdf', 1, NULL, NULL),
(310, 17, '1300.pdf', NULL, '1300.pdf', 1, NULL, NULL),
(311, 17, '1626.pdf', NULL, '1626.pdf', 1, NULL, NULL),
(312, 17, '1728.pdf', NULL, '1728.pdf', 1, NULL, NULL),
(313, 17, '1742.pdf', NULL, '1742.pdf', 1, NULL, NULL),
(314, 17, '1831.pdf', NULL, '1831.pdf', 1, NULL, NULL),
(315, 17, '1960.pdf', NULL, '1960.pdf', 1, NULL, NULL),
(316, 17, '1973.pdf', NULL, '1973.pdf', 1, NULL, NULL),
(317, 17, '2263.pdf', NULL, '2263.pdf', 1, NULL, NULL),
(318, 17, '2506.pdf', NULL, '2506.pdf', 1, NULL, NULL),
(319, 17, '267.pdf', NULL, '267.pdf', 1, NULL, NULL),
(320, 17, '268.pdf', NULL, '268.pdf', 1, NULL, NULL),
(321, 17, '3051.pdf', NULL, '3051.pdf', 1, NULL, NULL),
(322, 17, '3411.pdf', NULL, '3411.pdf', 1, NULL, NULL),
(323, 17, '3800.pdf', NULL, '3800.pdf', 1, NULL, NULL),
(324, 17, '3844.pdf', NULL, '3844.pdf', 1, NULL, NULL),
(325, 17, '3858.pdf', NULL, '3858.pdf', 1, NULL, NULL),
(326, 17, '3974.pdf', NULL, '3974.pdf', 1, NULL, NULL),
(327, 17, '4149.pdf', NULL, '4149.pdf', 1, NULL, NULL),
(328, 17, '4566.pdf', NULL, '4566.pdf', 1, NULL, NULL),
(329, 17, '485.pdf', NULL, '485.pdf', 1, NULL, NULL),
(330, 17, '517.pdf', NULL, '517.pdf', 1, NULL, NULL),
(331, 17, '595.pdf', NULL, '595.pdf', 1, NULL, NULL),
(332, 17, '796.pdf', NULL, '796.pdf', 1, NULL, NULL),
(333, 17, '7.pdf', NULL, '7.pdf', 1, NULL, NULL),
(334, 17, '8077.pdf', NULL, '8077.pdf', 1, NULL, NULL),
(335, 17, '8182.pdf', NULL, '8182.pdf', 1, NULL, NULL),
(336, 17, '835.pdf', NULL, '835.pdf', 1, NULL, NULL),
(337, 17, '8439.pdf', NULL, '8439.pdf', 1, NULL, NULL),
(338, 17, '8529.pdf', NULL, '8529.pdf', 1, NULL, NULL),
(339, 17, '8530.pdf', NULL, '8530.pdf', 1, NULL, NULL),
(340, 17, '9038.pdf', NULL, '9038.pdf', 1, NULL, NULL),
(341, 17, '9255.pdf', NULL, '9255.pdf', 1, NULL, NULL),
(342, 17, '9256.pdf', NULL, '9256.pdf', 1, NULL, NULL),
(343, 17, '9485.pdf', NULL, '9485.pdf', 1, NULL, NULL),
(344, 17, '997.pdf', NULL, '997.pdf', 1, NULL, NULL),
(345, 17, 'Mercantile 2 Report.xlsx', NULL, 'Mercantile 2 Report.xlsx', 1, NULL, NULL),
(346, 18, '1016.pdf', NULL, '1016.pdf', 1, NULL, NULL),
(347, 18, '1017.pdf', NULL, '1017.pdf', 1, NULL, NULL),
(348, 18, '1323.pdf', NULL, '1323.pdf', 1, NULL, NULL),
(349, 18, '1534.pdf', NULL, '1534.pdf', 1, NULL, NULL),
(350, 18, '1872.pdf', NULL, '1872.pdf', 1, NULL, NULL),
(351, 18, '2019.pdf', NULL, '2019.pdf', 1, NULL, NULL),
(352, 18, '203.pdf', NULL, '203.pdf', 1, NULL, NULL),
(353, 18, '2082.pdf', NULL, '2082.pdf', 1, NULL, NULL),
(354, 18, '2083.pdf', NULL, '2083.pdf', 1, NULL, NULL),
(355, 18, '2128.pdf', NULL, '2128.pdf', 1, NULL, NULL),
(356, 18, '225.pdf', NULL, '225.pdf', 1, NULL, NULL),
(357, 18, '2263.pdf', NULL, '2263.pdf', 1, NULL, NULL),
(358, 18, '2336.pdf', NULL, '2336.pdf', 1, NULL, NULL),
(359, 18, '2367.pdf', NULL, '2367.pdf', 1, NULL, NULL),
(360, 18, '2588.pdf', NULL, '2588.pdf', 1, NULL, NULL),
(361, 18, '2614.pdf', NULL, '2614.pdf', 1, NULL, NULL),
(362, 18, '2832.pdf', NULL, '2832.pdf', 1, NULL, NULL),
(363, 18, '2989.pdf', NULL, '2989.pdf', 1, NULL, NULL),
(364, 18, '3232.pdf', NULL, '3232.pdf', 1, NULL, NULL),
(365, 18, '3262.pdf', NULL, '3262.pdf', 1, NULL, NULL),
(366, 18, '3289.pdf', NULL, '3289.pdf', 1, NULL, NULL),
(367, 18, '3343.pdf', NULL, '3343.pdf', 1, NULL, NULL),
(368, 18, '3403.pdf', NULL, '3403.pdf', 1, NULL, NULL),
(369, 18, '3423.pdf', NULL, '3423.pdf', 1, NULL, NULL),
(370, 18, '3444.pdf', NULL, '3444.pdf', 1, NULL, NULL),
(371, 18, '3448.pdf', NULL, '3448.pdf', 1, NULL, NULL),
(372, 18, '3514.pdf', NULL, '3514.pdf', 1, NULL, NULL),
(373, 18, '3516.pdf', NULL, '3516.pdf', 1, NULL, NULL),
(374, 18, '3623.pdf', NULL, '3623.pdf', 1, NULL, NULL),
(375, 18, '3632.pdf', NULL, '3632.pdf', 1, NULL, NULL),
(376, 18, '3682.pdf', NULL, '3682.pdf', 1, NULL, NULL),
(377, 18, '3852.pdf', NULL, '3852.pdf', 1, NULL, NULL),
(378, 18, '3905.pdf', NULL, '3905.pdf', 1, NULL, NULL),
(379, 18, '4018.pdf', NULL, '4018.pdf', 1, NULL, NULL),
(380, 18, '4131.pdf', NULL, '4131.pdf', 1, NULL, NULL),
(381, 18, '4132.pdf', NULL, '4132.pdf', 1, NULL, NULL),
(382, 18, '4142.pdf', NULL, '4142.pdf', 1, NULL, NULL),
(383, 18, '4234.pdf', NULL, '4234.pdf', 1, NULL, NULL),
(384, 18, '4674.pdf', NULL, '4674.pdf', 1, NULL, NULL),
(385, 18, '4728.pdf', NULL, '4728.pdf', 1, NULL, NULL),
(386, 18, '4804.pdf', NULL, '4804.pdf', 1, NULL, NULL),
(387, 18, '4865.pdf', NULL, '4865.pdf', 1, NULL, NULL),
(388, 18, '4921.pdf', NULL, '4921.pdf', 1, NULL, NULL),
(389, 18, '550.pdf', NULL, '550.pdf', 1, NULL, NULL),
(390, 18, '5586.pdf', NULL, '5586.pdf', 1, NULL, NULL),
(391, 18, '5587.pdf', NULL, '5587.pdf', 1, NULL, NULL),
(392, 18, '5588.pdf', NULL, '5588.pdf', 1, NULL, NULL),
(393, 18, '5610.pdf', NULL, '5610.pdf', 1, NULL, NULL),
(394, 18, '5707.pdf', NULL, '5707.pdf', 1, NULL, NULL),
(395, 18, '675.pdf', NULL, '675.pdf', 1, NULL, NULL),
(396, 18, '941.pdf', NULL, '941.pdf', 1, NULL, NULL),
(397, 18, 'Mercantile 3 Report.xlsx', NULL, 'Mercantile 3 Report.xlsx', 1, NULL, NULL),
(398, 19, '~$Mercantile Broadband Internet Connectivity 4 Earthquake affected Districts Report.xlsx', NULL, '~$Mercantile Broadband Internet Connectivity 4 Earthquake affected Districts Report.xlsx', 1, NULL, NULL),
(399, 19, '130.pdf', NULL, '130.pdf', 1, NULL, NULL),
(400, 19, '1733.pdf', NULL, '1733.pdf', 1, NULL, NULL),
(401, 19, '2468.pdf', NULL, '2468.pdf', 1, NULL, NULL),
(402, 19, '2549.pdf', NULL, '2549.pdf', 1, NULL, NULL),
(403, 19, '2964.pdf', NULL, '2964.pdf', 1, NULL, NULL),
(404, 19, '3737.pdf', NULL, '3737.pdf', 1, NULL, NULL),
(405, 19, '3801.pdf', NULL, '3801.pdf', 1, NULL, NULL),
(406, 19, '4254.pdf', NULL, '4254.pdf', 1, NULL, NULL),
(407, 19, '4315.pdf', NULL, '4315.pdf', 1, NULL, NULL),
(408, 19, '4406.pdf', NULL, '4406.pdf', 1, NULL, NULL),
(409, 19, '4536.pdf', NULL, '4536.pdf', 1, NULL, NULL),
(410, 19, '4695.pdf', NULL, '4695.pdf', 1, NULL, NULL),
(411, 19, '4862.pdf', NULL, '4862.pdf', 1, NULL, NULL),
(412, 19, '4870.pdf', NULL, '4870.pdf', 1, NULL, NULL),
(413, 19, '4883.pdf', NULL, '4883.pdf', 1, NULL, NULL),
(414, 19, '598.pdf', NULL, '598.pdf', 1, NULL, NULL),
(415, 19, '6858.pdf', NULL, '6858.pdf', 1, NULL, NULL),
(416, 19, '6986.pdf', NULL, '6986.pdf', 1, NULL, NULL),
(417, 19, '7003.pdf', NULL, '7003.pdf', 1, NULL, NULL),
(418, 19, '7037.pdf', NULL, '7037.pdf', 1, NULL, NULL),
(419, 19, '7112.pdf', NULL, '7112.pdf', 1, NULL, NULL),
(420, 19, '7310.pdf', NULL, '7310.pdf', 1, NULL, NULL),
(421, 19, '7838.pdf', NULL, '7838.pdf', 1, NULL, NULL),
(422, 19, '7839.pdf', NULL, '7839.pdf', 1, NULL, NULL),
(423, 19, '7.pdf', NULL, '7.pdf', 1, NULL, NULL),
(424, 19, '8421.pdf', NULL, '8421.pdf', 1, NULL, NULL),
(425, 19, '8833.pdf', NULL, '8833.pdf', 1, NULL, NULL),
(426, 19, '9134.pdf', NULL, '9134.pdf', 1, NULL, NULL),
(427, 19, '9362.pdf', NULL, '9362.pdf', 1, NULL, NULL),
(428, 19, '9521.pdf', NULL, '9521.pdf', 1, NULL, NULL),
(429, 19, '984.pdf', NULL, '984.pdf', 1, NULL, NULL),
(430, 19, 'Mercantile Broadband Internet Connectivity 4 Earthquake affected Districts Report.xlsx', NULL, 'Mercantile Broadband Internet Connectivity 4 Earthquake affected Districts Report.xlsx', 1, NULL, NULL),
(431, 20, '~$MERCANTILE Earthquake (2) Report.xlsx', NULL, '~$MERCANTILE Earthquake (2) Report.xlsx', 1, NULL, NULL),
(432, 20, '1012.pdf', NULL, '1012.pdf', 1, NULL, NULL),
(433, 20, '1372.pdf', NULL, '1372.pdf', 1, NULL, NULL),
(434, 20, '169.pdf', NULL, '169.pdf', 1, NULL, NULL),
(435, 20, '1972.pdf', NULL, '1972.pdf', 1, NULL, NULL),
(436, 20, '2866.pdf', NULL, '2866.pdf', 1, NULL, NULL),
(437, 20, '3113.pdf', NULL, '3113.pdf', 1, NULL, NULL),
(438, 20, '3206.pdf', NULL, '3206.pdf', 1, NULL, NULL),
(439, 20, '3317.pdf', NULL, '3317.pdf', 1, NULL, NULL),
(440, 20, '3557.pdf', NULL, '3557.pdf', 1, NULL, NULL),
(441, 20, '3704.pdf', NULL, '3704.pdf', 1, NULL, NULL),
(442, 20, '3827.pdf', NULL, '3827.pdf', 1, NULL, NULL),
(443, 20, '3828.pdf', NULL, '3828.pdf', 1, NULL, NULL),
(444, 20, '3956.pdf', NULL, '3956.pdf', 1, NULL, NULL),
(445, 20, '4118.pdf', NULL, '4118.pdf', 1, NULL, NULL),
(446, 20, '4430.pdf', NULL, '4430.pdf', 1, NULL, NULL),
(447, 20, '7003.pdf', NULL, '7003.pdf', 1, NULL, NULL),
(448, 20, '8347.pdf', NULL, '8347.pdf', 1, NULL, NULL),
(449, 20, '8469.pdf', NULL, '8469.pdf', 1, NULL, NULL),
(450, 20, '8621.pdf', NULL, '8621.pdf', 1, NULL, NULL),
(451, 20, '8689.pdf', NULL, '8689.pdf', 1, NULL, NULL),
(452, 20, '8756.pdf', NULL, '8756.pdf', 1, NULL, NULL),
(453, 20, '8842.pdf', NULL, '8842.pdf', 1, NULL, NULL),
(454, 20, '9055.pdf', NULL, '9055.pdf', 1, NULL, NULL),
(455, 20, '9056.pdf', NULL, '9056.pdf', 1, NULL, NULL),
(456, 20, '9073.pdf', NULL, '9073.pdf', 1, NULL, NULL),
(457, 20, '9208.pdf', NULL, '9208.pdf', 1, NULL, NULL),
(458, 20, '9262.pdf', NULL, '9262.pdf', 1, NULL, NULL),
(459, 20, '9302.pdf', NULL, '9302.pdf', 1, NULL, NULL),
(460, 20, '9818.pdf', NULL, '9818.pdf', 1, NULL, NULL),
(461, 20, 'MERCANTILE Earthquake (2) Report.xlsx', NULL, 'MERCANTILE Earthquake (2) Report.xlsx', 1, NULL, NULL),
(462, 21, '1070.pdf', NULL, '1070.pdf', 1, NULL, NULL),
(463, 21, '1328.pdf', NULL, '1328.pdf', 1, NULL, NULL),
(464, 21, '1444.pdf', NULL, '1444.pdf', 1, NULL, NULL),
(465, 21, '1599.pdf', NULL, '1599.pdf', 1, NULL, NULL),
(466, 21, '1617.pdf', NULL, '1617.pdf', 1, NULL, NULL),
(467, 21, '1652.pdf', NULL, '1652.pdf', 1, NULL, NULL),
(468, 21, '1669.pdf', NULL, '1669.pdf', 1, NULL, NULL),
(469, 21, '169.pdf', NULL, '169.pdf', 1, NULL, NULL),
(470, 21, '1772.pdf', NULL, '1772.pdf', 1, NULL, NULL),
(471, 21, '1993.pdf', NULL, '1993.pdf', 1, NULL, NULL),
(472, 21, '2178.pdf', NULL, '2178.pdf', 1, NULL, NULL),
(473, 21, '21.pdf', NULL, '21.pdf', 1, NULL, NULL),
(474, 21, '2366.pdf', NULL, '2366.pdf', 1, NULL, NULL),
(475, 21, '2379.pdf', NULL, '2379.pdf', 1, NULL, NULL),
(476, 21, '2457.pdf', NULL, '2457.pdf', 1, NULL, NULL),
(477, 21, '2479.pdf', NULL, '2479.pdf', 1, NULL, NULL),
(478, 21, '2489.pdf', NULL, '2489.pdf', 1, NULL, NULL),
(479, 21, '305.pdf', NULL, '305.pdf', 1, NULL, NULL),
(480, 21, '4398.pdf', NULL, '4398.pdf', 1, NULL, NULL),
(481, 21, '571.pdf', NULL, '571.pdf', 1, NULL, NULL),
(482, 21, '578.pdf', NULL, '578.pdf', 1, NULL, NULL),
(483, 21, '647.pdf', NULL, '647.pdf', 1, NULL, NULL),
(484, 21, '771.pdf', NULL, '771.pdf', 1, NULL, NULL),
(485, 21, '869.pdf', NULL, '869.pdf', 1, NULL, NULL),
(486, 21, '8.pdf', NULL, '8.pdf', 1, NULL, NULL),
(487, 21, '9367.pdf', NULL, '9367.pdf', 1, NULL, NULL),
(488, 21, '9374.pdf', NULL, '9374.pdf', 1, NULL, NULL),
(489, 21, '984.pdf', NULL, '984.pdf', 1, NULL, NULL),
(490, 21, 'Mercantile Eq - 3 Report.xlsx', NULL, 'Mercantile Eq - 3 Report.xlsx', 1, NULL, NULL),
(491, 22, '1000.pdf', NULL, '1000.pdf', 1, NULL, NULL),
(492, 22, '1882.pdf', NULL, '1882.pdf', 1, NULL, NULL),
(493, 22, '2185.pdf', NULL, '2185.pdf', 1, NULL, NULL),
(494, 22, '2478.pdf', NULL, '2478.pdf', 1, NULL, NULL),
(495, 22, '2563.pdf', NULL, '2563.pdf', 1, NULL, NULL),
(496, 22, '2636.pdf', NULL, '2636.pdf', 1, NULL, NULL),
(497, 22, '2825.pdf', NULL, '2825.pdf', 1, NULL, NULL),
(498, 22, '2826.pdf', NULL, '2826.pdf', 1, NULL, NULL),
(499, 22, '2958.pdf', NULL, '2958.pdf', 1, NULL, NULL),
(500, 22, '3070.pdf', NULL, '3070.pdf', 1, NULL, NULL),
(501, 22, '313.pdf', NULL, '313.pdf', 1, NULL, NULL),
(502, 22, '3230.pdf', NULL, '3230.pdf', 1, NULL, NULL),
(503, 22, '3233.pdf', NULL, '3233.pdf', 1, NULL, NULL),
(504, 22, '3263.pdf', NULL, '3263.pdf', 1, NULL, NULL),
(505, 22, '3344.pdf', NULL, '3344.pdf', 1, NULL, NULL),
(506, 22, '3373.pdf', NULL, '3373.pdf', 1, NULL, NULL),
(507, 22, '3738.pdf', NULL, '3738.pdf', 1, NULL, NULL),
(508, 22, '3973.pdf', NULL, '3973.pdf', 1, NULL, NULL),
(509, 22, '4133.pdf', NULL, '4133.pdf', 1, NULL, NULL),
(510, 22, '4398.pdf', NULL, '4398.pdf', 1, NULL, NULL),
(511, 22, '465.pdf', NULL, '465.pdf', 1, NULL, NULL),
(512, 22, '756.pdf', NULL, '756.pdf', 1, NULL, NULL),
(513, 22, 'Mercantile Eq - 4 Report.xlsx', NULL, 'Mercantile Eq - 4 Report.xlsx', 1, NULL, NULL),
(514, 22, '_tmp', NULL, '_tmp', 1, NULL, NULL),
(515, 23, '1244.pdf', NULL, '1244.pdf', 1, NULL, NULL),
(516, 23, '1721.pdf', NULL, '1721.pdf', 1, NULL, NULL),
(517, 23, '1789.pdf', NULL, '1789.pdf', 1, NULL, NULL),
(518, 23, '1942.pdf', NULL, '1942.pdf', 1, NULL, NULL),
(519, 23, '2470.pdf', NULL, '2470.pdf', 1, NULL, NULL),
(520, 23, '2647.pdf', NULL, '2647.pdf', 1, NULL, NULL),
(521, 23, '2863.pdf', NULL, '2863.pdf', 1, NULL, NULL),
(522, 23, '2890.pdf', NULL, '2890.pdf', 1, NULL, NULL),
(523, 23, '2979.pdf', NULL, '2979.pdf', 1, NULL, NULL),
(524, 23, '3000.pdf', NULL, '3000.pdf', 1, NULL, NULL),
(525, 23, '3137.pdf', NULL, '3137.pdf', 1, NULL, NULL),
(526, 23, '3253.pdf', NULL, '3253.pdf', 1, NULL, NULL),
(527, 23, '3409.pdf', NULL, '3409.pdf', 1, NULL, NULL),
(528, 23, '3420.pdf', NULL, '3420.pdf', 1, NULL, NULL),
(529, 23, '3534.pdf', NULL, '3534.pdf', 1, NULL, NULL),
(530, 23, '3695.pdf', NULL, '3695.pdf', 1, NULL, NULL),
(531, 23, '3841.pdf', NULL, '3841.pdf', 1, NULL, NULL),
(532, 23, '3894.pdf', NULL, '3894.pdf', 1, NULL, NULL),
(533, 23, '4010.pdf', NULL, '4010.pdf', 1, NULL, NULL),
(534, 23, '4051.pdf', NULL, '4051.pdf', 1, NULL, NULL),
(535, 23, '4230.pdf', NULL, '4230.pdf', 1, NULL, NULL),
(536, 23, '4343.pdf', NULL, '4343.pdf', 1, NULL, NULL),
(537, 23, '4466.pdf', NULL, '4466.pdf', 1, NULL, NULL),
(538, 23, '4812.pdf', NULL, '4812.pdf', 1, NULL, NULL),
(539, 23, '5057.pdf', NULL, '5057.pdf', 1, NULL, NULL),
(540, 23, '5202.pdf', NULL, '5202.pdf', 1, NULL, NULL),
(541, 23, '5268.pdf', NULL, '5268.pdf', 1, NULL, NULL),
(542, 23, '5343.pdf', NULL, '5343.pdf', 1, NULL, NULL),
(543, 23, '5690.pdf', NULL, '5690.pdf', 1, NULL, NULL),
(544, 23, '5777.pdf', NULL, '5777.pdf', 1, NULL, NULL),
(545, 23, '6479.pdf', NULL, '6479.pdf', 1, NULL, NULL),
(546, 23, '6601.pdf', NULL, '6601.pdf', 1, NULL, NULL),
(547, 23, '745.pdf', NULL, '745.pdf', 1, NULL, NULL),
(548, 23, '928.pdf', NULL, '928.pdf', 1, NULL, NULL),
(549, 23, 'Mid Hill - P 1, 2 and 3 Backbone, NTC Report.xlsx', NULL, 'Mid Hill - P 1, 2 and 3 Backbone, NTC Report.xlsx', 1, NULL, NULL),
(550, 24, '2001.pdf', NULL, '2001.pdf', 1, NULL, NULL),
(551, 24, '3212.pdf', NULL, '3212.pdf', 1, NULL, NULL),
(552, 24, '3341.pdf', NULL, '3341.pdf', 1, NULL, NULL),
(553, 24, '3403.pdf', NULL, '3403.pdf', 1, NULL, NULL),
(554, 24, '3405.pdf', NULL, '3405.pdf', 1, NULL, NULL),
(555, 24, '3419.pdf', NULL, '3419.pdf', 1, NULL, NULL),
(556, 24, '3482.pdf', NULL, '3482.pdf', 1, NULL, NULL),
(557, 24, '3598.pdf', NULL, '3598.pdf', 1, NULL, NULL),
(558, 24, '3599.pdf', NULL, '3599.pdf', 1, NULL, NULL),
(559, 24, '3699.pdf', NULL, '3699.pdf', 1, NULL, NULL),
(560, 24, 'Monitoring Consultant for RTDF Projects I Report.xlsx', NULL, 'Monitoring Consultant for RTDF Projects I Report.xlsx', 1, NULL, NULL),
(561, 25, '134.pdf', NULL, '134.pdf', 1, NULL, NULL),
(562, 25, '231.pdf', NULL, '231.pdf', 1, NULL, NULL),
(563, 25, '4102.pdf', NULL, '4102.pdf', 1, NULL, NULL),
(564, 25, '509.pdf', NULL, '509.pdf', 1, NULL, NULL),
(565, 25, '5284.pdf', NULL, '5284.pdf', 1, NULL, NULL),
(566, 25, '80.pdf', NULL, '80.pdf', 1, NULL, NULL),
(567, 25, '8671.pdf', NULL, '8671.pdf', 1, NULL, NULL),
(568, 25, '8767.pdf', NULL, '8767.pdf', 1, NULL, NULL),
(569, 25, '8813.pdf', NULL, '8813.pdf', 1, NULL, NULL),
(570, 25, '8829.pdf', NULL, '8829.pdf', 1, NULL, NULL),
(571, 25, '8843.pdf', NULL, '8843.pdf', 1, NULL, NULL),
(572, 25, '8923.pdf', NULL, '8923.pdf', 1, NULL, NULL),
(573, 25, '9035.pdf', NULL, '9035.pdf', 1, NULL, NULL),
(574, 25, '9373.pdf', NULL, '9373.pdf', 1, NULL, NULL),
(575, 25, '9413.pdf', NULL, '9413.pdf', 1, NULL, NULL),
(576, 25, '94.pdf', NULL, '94.pdf', 1, NULL, NULL),
(577, 25, 'Monitoring, Evaluation and Certification of RTDF Projects II Report.xlsx', NULL, 'Monitoring, Evaluation and Certification of RTDF Projects II Report.xlsx', 1, NULL, NULL),
(578, 26, '1096.pdf', NULL, '1096.pdf', 1, NULL, NULL),
(579, 26, '1097.pdf', NULL, '1097.pdf', 1, NULL, NULL),
(580, 26, '1341.pdf', NULL, '1341.pdf', 1, NULL, NULL),
(581, 26, '1664.pdf', NULL, '1664.pdf', 1, NULL, NULL),
(582, 26, '1701.pdf', NULL, '1701.pdf', 1, NULL, NULL),
(583, 26, '1702.pdf', NULL, '1702.pdf', 1, NULL, NULL),
(584, 26, '1764.pdf', NULL, '1764.pdf', 1, NULL, NULL),
(585, 26, '272.pdf', NULL, '272.pdf', 1, NULL, NULL),
(586, 26, '4032.pdf', NULL, '4032.pdf', 1, NULL, NULL),
(587, 26, '4665.pdf', NULL, '4665.pdf', 1, NULL, NULL),
(588, 26, '4867.pdf', NULL, '4867.pdf', 1, NULL, NULL),
(589, 26, '92.pdf', NULL, '92.pdf', 1, NULL, NULL),
(590, 26, 'Monitoring, Evaluation and Certification of RTDF Projects III Report Date - 5 - 10 - 2022.xlsx', NULL, 'Monitoring, Evaluation and Certification of RTDF Projects III Report Date - 5 - 10 - 2022.xlsx', 1, NULL, NULL),
(591, 27, '2656.pdf', NULL, '2656.pdf', 1, NULL, NULL),
(592, 27, '2660.pdf', NULL, '2660.pdf', 1, NULL, NULL),
(593, 27, '2670.pdf', NULL, '2670.pdf', 1, NULL, NULL),
(594, 27, '2671.pdf', NULL, '2671.pdf', 1, NULL, NULL),
(595, 27, '2672.pdf', NULL, '2672.pdf', 1, NULL, NULL),
(596, 27, '2766.pdf', NULL, '2766.pdf', 1, NULL, NULL),
(597, 27, '2767.pdf', NULL, '2767.pdf', 1, NULL, NULL),
(598, 27, '2768.pdf', NULL, '2768.pdf', 1, NULL, NULL),
(599, 27, '2773.pdf', NULL, '2773.pdf', 1, NULL, NULL),
(600, 27, '2901.pdf', NULL, '2901.pdf', 1, NULL, NULL),
(601, 27, '3650.pdf', NULL, '3650.pdf', 1, NULL, NULL),
(602, 27, '4132.pdf', NULL, '4132.pdf', 1, NULL, NULL),
(603, 27, '4252.pdf', NULL, '4252.pdf', 1, NULL, NULL),
(604, 27, '4427.pdf', NULL, '4427.pdf', 1, NULL, NULL),
(605, 27, '4435.pdf', NULL, '4435.pdf', 1, NULL, NULL),
(606, 27, '4436.pdf', NULL, '4436.pdf', 1, NULL, NULL),
(607, 27, '4457.pdf', NULL, '4457.pdf', 1, NULL, NULL),
(608, 27, '4549.pdf', NULL, '4549.pdf', 1, NULL, NULL),
(609, 27, '4834.pdf', NULL, '4834.pdf', 1, NULL, NULL),
(610, 27, '5645.pdf', NULL, '5645.pdf', 1, NULL, NULL),
(611, 27, 'NTA Optical Fiber Network Province 4 & 5 2073 Report.xlsx', NULL, 'NTA Optical Fiber Network Province 4 & 5 2073 Report.xlsx', 1, NULL, NULL),
(612, 28, '103.pdf', NULL, '103.pdf', 1, NULL, NULL),
(613, 28, '1720.pdf', NULL, '1720.pdf', 1, NULL, NULL),
(614, 28, '1842.pdf', NULL, '1842.pdf', 1, NULL, NULL),
(615, 28, '1872.pdf', NULL, '1872.pdf', 1, NULL, NULL),
(616, 28, '2346.pdf', NULL, '2346.pdf', 1, NULL, NULL),
(617, 28, '2418.pdf', NULL, '2418.pdf', 1, NULL, NULL),
(618, 28, '3093.pdf', NULL, '3093.pdf', 1, NULL, NULL),
(619, 28, '3237.pdf', NULL, '3237.pdf', 1, NULL, NULL),
(620, 28, '3478.pdf', NULL, '3478.pdf', 1, NULL, NULL),
(621, 28, '3495.pdf', NULL, '3495.pdf', 1, NULL, NULL),
(622, 28, '3501.pdf', NULL, '3501.pdf', 1, NULL, NULL),
(623, 28, '3600.pdf', NULL, '3600.pdf', 1, NULL, NULL),
(624, 28, '4549.pdf', NULL, '4549.pdf', 1, NULL, NULL),
(625, 28, '4572.pdf', NULL, '4572.pdf', 1, NULL, NULL),
(626, 28, '4604.pdf', NULL, '4604.pdf', 1, NULL, NULL),
(627, 28, '4811.pdf', NULL, '4811.pdf', 1, NULL, NULL),
(628, 28, '4859.pdf', NULL, '4859.pdf', 1, NULL, NULL),
(629, 28, '513.pdf', NULL, '513.pdf', 1, NULL, NULL),
(630, 28, 'NTC ( Province 6 and 7 ) Report.xlsx', NULL, 'NTC ( Province 6 and 7 ) Report.xlsx', 1, NULL, NULL),
(631, 29, '1209.pdf', NULL, '1209.pdf', 1, NULL, NULL),
(632, 29, '1233.pdf', NULL, '1233.pdf', 1, NULL, NULL),
(633, 29, '1385.pdf', NULL, '1385.pdf', 1, NULL, NULL),
(634, 29, '1394.pdf', NULL, '1394.pdf', 1, NULL, NULL),
(635, 29, '1478.pdf', NULL, '1478.pdf', 1, NULL, NULL),
(636, 29, '1497.pdf', NULL, '1497.pdf', 1, NULL, NULL),
(637, 29, '167.pdf', NULL, '167.pdf', 1, NULL, NULL),
(638, 29, '1795.pdf', NULL, '1795.pdf', 1, NULL, NULL),
(639, 29, '2018.pdf', NULL, '2018.pdf', 1, NULL, NULL),
(640, 29, '2022.pdf', NULL, '2022.pdf', 1, NULL, NULL),
(641, 29, '2026.pdf', NULL, '2026.pdf', 1, NULL, NULL),
(642, 29, '2039.pdf', NULL, '2039.pdf', 1, NULL, NULL),
(643, 29, '2295.pdf', NULL, '2295.pdf', 1, NULL, NULL),
(644, 29, '2358.pdf', NULL, '2358.pdf', 1, NULL, NULL),
(645, 29, '2392.pdf', NULL, '2392.pdf', 1, NULL, NULL),
(646, 29, '2509.pdf', NULL, '2509.pdf', 1, NULL, NULL),
(647, 29, '2699.pdf', NULL, '2699.pdf', 1, NULL, NULL),
(648, 29, '2906.pdf', NULL, '2906.pdf', 1, NULL, NULL),
(649, 29, '3045.pdf', NULL, '3045.pdf', 1, NULL, NULL),
(650, 29, '3099.pdf', NULL, '3099.pdf', 1, NULL, NULL),
(651, 29, '3161.pdf', NULL, '3161.pdf', 1, NULL, NULL),
(652, 29, '3196.pdf', NULL, '3196.pdf', 1, NULL, NULL),
(653, 29, '3549.pdf', NULL, '3549.pdf', 1, NULL, NULL),
(654, 29, '3643.pdf', NULL, '3643.pdf', 1, NULL, NULL),
(655, 29, '3723.pdf', NULL, '3723.pdf', 1, NULL, NULL),
(656, 29, '3886.pdf', NULL, '3886.pdf', 1, NULL, NULL),
(657, 29, '3964.pdf', NULL, '3964.pdf', 1, NULL, NULL),
(658, 29, '3978.pdf', NULL, '3978.pdf', 1, NULL, NULL),
(659, 29, '4013.pdf', NULL, '4013.pdf', 1, NULL, NULL),
(660, 29, '403.pdf', NULL, '403.pdf', 1, NULL, NULL),
(661, 29, '4136.pdf', NULL, '4136.pdf', 1, NULL, NULL),
(662, 29, '4343.pdf', NULL, '4343.pdf', 1, NULL, NULL),
(663, 29, '4945.pdf', NULL, '4945.pdf', 1, NULL, NULL),
(664, 29, '724.pdf', NULL, '724.pdf', 1, NULL, NULL),
(665, 29, '7499.pdf', NULL, '7499.pdf', 1, NULL, NULL),
(666, 29, '785.pdf', NULL, '785.pdf', 1, NULL, NULL),
(667, 29, '8043.pdf', NULL, '8043.pdf', 1, NULL, NULL),
(668, 29, '8104.pdf', NULL, '8104.pdf', 1, NULL, NULL),
(669, 29, '8162.pdf', NULL, '8162.pdf', 1, NULL, NULL),
(670, 29, '8309.pdf', NULL, '8309.pdf', 1, NULL, NULL),
(671, 29, '8610.pdf', NULL, '8610.pdf', 1, NULL, NULL),
(672, 29, '8642.pdf', NULL, '8642.pdf', 1, NULL, NULL),
(673, 29, 'NT Earthquake Affected district report.xlsx', NULL, 'NT Earthquake Affected district report.xlsx', 1, NULL, NULL),
(674, 30, '1067.pdf', NULL, '1067.pdf', 1, NULL, NULL),
(675, 30, '1082.pdf', NULL, '1082.pdf', 1, NULL, NULL),
(676, 30, '1283.pdf', NULL, '1283.pdf', 1, NULL, NULL),
(677, 30, '1369.pdf', NULL, '1369.pdf', 1, NULL, NULL),
(678, 30, '139.pdf', NULL, '139.pdf', 1, NULL, NULL),
(679, 30, '1751.pdf', NULL, '1751.pdf', 1, NULL, NULL),
(680, 30, '1752.pdf', NULL, '1752.pdf', 1, NULL, NULL),
(681, 30, '1764.pdf', NULL, '1764.pdf', 1, NULL, NULL),
(682, 30, '1765.pdf', NULL, '1765.pdf', 1, NULL, NULL),
(683, 30, '1819.pdf', NULL, '1819.pdf', 1, NULL, NULL),
(684, 30, '2053.pdf', NULL, '2053.pdf', 1, NULL, NULL),
(685, 30, '2075.pdf', NULL, '2075.pdf', 1, NULL, NULL),
(686, 30, '207.pdf', NULL, '207.pdf', 1, NULL, NULL),
(687, 30, '208.pdf', NULL, '208.pdf', 1, NULL, NULL),
(688, 30, '209.pdf', NULL, '209.pdf', 1, NULL, NULL),
(689, 30, '210.pdf', NULL, '210.pdf', 1, NULL, NULL),
(690, 30, '211.pdf', NULL, '211.pdf', 1, NULL, NULL),
(691, 30, '212.pdf', NULL, '212.pdf', 1, NULL, NULL),
(692, 30, '213.pdf', NULL, '213.pdf', 1, NULL, NULL),
(693, 30, '214.pdf', NULL, '214.pdf', 1, NULL, NULL),
(694, 30, '215.pdf', NULL, '215.pdf', 1, NULL, NULL),
(695, 30, '216.pdf', NULL, '216.pdf', 1, NULL, NULL),
(696, 30, '217.pdf', NULL, '217.pdf', 1, NULL, NULL),
(697, 30, '218.pdf', NULL, '218.pdf', 1, NULL, NULL),
(698, 30, '219.pdf', NULL, '219.pdf', 1, NULL, NULL),
(699, 30, '220.pdf', NULL, '220.pdf', 1, NULL, NULL),
(700, 30, '221.pdf', NULL, '221.pdf', 1, NULL, NULL),
(701, 30, '222.pdf', NULL, '222.pdf', 1, NULL, NULL),
(702, 30, '223.pdf', NULL, '223.pdf', 1, NULL, NULL),
(703, 30, '231.pdf', NULL, '231.pdf', 1, NULL, NULL),
(704, 30, '2503.pdf', NULL, '2503.pdf', 1, NULL, NULL),
(705, 30, '2783.pdf', NULL, '2783.pdf', 1, NULL, NULL),
(706, 30, '2804.pdf', NULL, '2804.pdf', 1, NULL, NULL),
(707, 30, '3036.pdf', NULL, '3036.pdf', 1, NULL, NULL),
(708, 30, '3156.pdf', NULL, '3156.pdf', 1, NULL, NULL),
(709, 30, '3572.pdf', NULL, '3572.pdf', 1, NULL, NULL),
(710, 30, '3599.pdf', NULL, '3599.pdf', 1, NULL, NULL),
(711, 30, '3621.pdf', NULL, '3621.pdf', 1, NULL, NULL),
(712, 30, '3647.pdf', NULL, '3647.pdf', 1, NULL, NULL),
(713, 30, '3666.pdf', NULL, '3666.pdf', 1, NULL, NULL),
(714, 30, '3752.pdf', NULL, '3752.pdf', 1, NULL, NULL),
(715, 30, '4077.pdf', NULL, '4077.pdf', 1, NULL, NULL),
(716, 30, '4154.pdf', NULL, '4154.pdf', 1, NULL, NULL),
(717, 30, '4233.pdf', NULL, '4233.pdf', 1, NULL, NULL),
(718, 30, '4396.pdf', NULL, '4396.pdf', 1, NULL, NULL),
(719, 30, '4625.pdf', NULL, '4625.pdf', 1, NULL, NULL),
(720, 30, '4806.pdf', NULL, '4806.pdf', 1, NULL, NULL),
(721, 30, '514.pdf', NULL, '514.pdf', 1, NULL, NULL),
(722, 30, '570.pdf', NULL, '570.pdf', 1, NULL, NULL),
(723, 30, '8292.pdf', NULL, '8292.pdf', 1, NULL, NULL),
(724, 30, '881.pdf', NULL, '881.pdf', 1, NULL, NULL),
(725, 30, '9231.pdf', NULL, '9231.pdf', 1, NULL, NULL),
(726, 30, '925.pdf', NULL, '925.pdf', 1, NULL, NULL),
(727, 30, '9271.pdf', NULL, '9271.pdf', 1, NULL, NULL),
(728, 30, '9405.pdf', NULL, '9405.pdf', 1, NULL, NULL),
(729, 30, '9421.pdf', NULL, '9421.pdf', 1, NULL, NULL),
(730, 30, 'Optical fiber Network (Mid-Hill Highway) NTC (2076) Report.xlsx', NULL, 'Optical fiber Network (Mid-Hill Highway) NTC (2076) Report.xlsx', 1, NULL, NULL),
(731, 31, '122.pdf', NULL, '122.pdf', 1, NULL, NULL),
(732, 31, '1312.pdf', NULL, '1312.pdf', 1, NULL, NULL),
(733, 31, '1539.pdf', NULL, '1539.pdf', 1, NULL, NULL),
(734, 31, '1729.pdf', NULL, '1729.pdf', 1, NULL, NULL),
(735, 31, '1739.pdf', NULL, '1739.pdf', 1, NULL, NULL),
(736, 31, '1764.pdf', NULL, '1764.pdf', 1, NULL, NULL),
(737, 31, '1919.pdf', NULL, '1919.pdf', 1, NULL, NULL),
(738, 31, '1943.pdf', NULL, '1943.pdf', 1, NULL, NULL),
(739, 31, '2015.pdf', NULL, '2015.pdf', 1, NULL, NULL),
(740, 31, '2115.pdf', NULL, '2115.pdf', 1, NULL, NULL),
(741, 31, '2167.pdf', NULL, '2167.pdf', 1, NULL, NULL),
(742, 31, '2241.pdf', NULL, '2241.pdf', 1, NULL, NULL),
(743, 31, '2488.pdf', NULL, '2488.pdf', 1, NULL, NULL),
(744, 31, '2927.pdf', NULL, '2927.pdf', 1, NULL, NULL),
(745, 31, '2951.pdf', NULL, '2951.pdf', 1, NULL, NULL),
(746, 31, '2981.pdf', NULL, '2981.pdf', 1, NULL, NULL),
(747, 31, '3037.pdf', NULL, '3037.pdf', 1, NULL, NULL),
(748, 31, '3119.pdf', NULL, '3119.pdf', 1, NULL, NULL),
(749, 31, '3398.pdf', NULL, '3398.pdf', 1, NULL, NULL),
(750, 31, '393.pdf', NULL, '393.pdf', 1, NULL, NULL),
(751, 31, '40.pdf', NULL, '40.pdf', 1, NULL, NULL),
(752, 31, '4317.pdf', NULL, '4317.pdf', 1, NULL, NULL),
(753, 31, '5077.pdf', NULL, '5077.pdf', 1, NULL, NULL),
(754, 31, '5299.pdf', NULL, '5299.pdf', 1, NULL, NULL),
(755, 31, '5724.pdf', NULL, '5724.pdf', 1, NULL, NULL),
(756, 31, '5875.pdf', NULL, '5875.pdf', 1, NULL, NULL),
(757, 31, '5876.pdf', NULL, '5876.pdf', 1, NULL, NULL),
(758, 31, '6290.pdf', NULL, '6290.pdf', 1, NULL, NULL),
(759, 31, '640.pdf', NULL, '640.pdf', 1, NULL, NULL),
(760, 31, '6987.pdf', NULL, '6987.pdf', 1, NULL, NULL),
(761, 31, '7197.pdf', NULL, '7197.pdf', 1, NULL, NULL),
(762, 31, '7573.pdf', NULL, '7573.pdf', 1, NULL, NULL),
(763, 31, '799.pdf', NULL, '799.pdf', 1, NULL, NULL),
(764, 31, '8072.pdf', NULL, '8072.pdf', 1, NULL, NULL),
(765, 31, '8111.pdf', NULL, '8111.pdf', 1, NULL, NULL),
(766, 31, '8182.pdf', NULL, '8182.pdf', 1, NULL, NULL),
(767, 31, '824.pdf', NULL, '824.pdf', 1, NULL, NULL),
(768, 31, '849.pdf', NULL, '849.pdf', 1, NULL, NULL),
(769, 31, '935.pdf', NULL, '935.pdf', 1, NULL, NULL),
(770, 31, 'Optical Fiber Network Project Mid-Hill Highway (Eastern) Report.xlsx', NULL, 'Optical Fiber Network Project Mid-Hill Highway (Eastern) Report.xlsx', 1, NULL, NULL),
(771, 32, 'Inspection Report.pdf', NULL, 'Inspection Report.pdf', 1, NULL, NULL),
(772, 32, 'PACKAGE - 5 Surkhet Sites 1  1st Phase Inspection Report MMTS Report.xlsx', NULL, 'PACKAGE - 5 Surkhet Sites 1  1st Phase Inspection Report MMTS Report.xlsx', 1, NULL, NULL),
(773, 33, '1622.pdf', NULL, '1622.pdf', 1, NULL, NULL),
(774, 33, '2202.pdf', NULL, '2202.pdf', 1, NULL, NULL),
(775, 33, '2687.pdf', NULL, '2687.pdf', 1, NULL, NULL),
(776, 33, '2698.pdf', NULL, '2698.pdf', 1, NULL, NULL),
(777, 33, '2822.pdf', NULL, '2822.pdf', 1, NULL, NULL),
(778, 33, '3367.pdf', NULL, '3367.pdf', 1, NULL, NULL),
(779, 33, '3575.pdf', NULL, '3575.pdf', 1, NULL, NULL),
(780, 33, '3576.pdf', NULL, '3576.pdf', 1, NULL, NULL),
(781, 33, '4220.pdf', NULL, '4220.pdf', 1, NULL, NULL),
(782, 33, '4221.pdf', NULL, '4221.pdf', 1, NULL, NULL),
(783, 33, '4222.pdf', NULL, '4222.pdf', 1, NULL, NULL),
(784, 33, '4559.pdf', NULL, '4559.pdf', 1, NULL, NULL),
(785, 33, '5499.pdf', NULL, '5499.pdf', 1, NULL, NULL),
(786, 33, '668.pdf', NULL, '668.pdf', 1, NULL, NULL),
(787, 33, 'Pr - 4 ( Baglung, Myagdi, Manang and Mustang ) - Techminds Aa. wa. 2077 - 78 Report.xlsx', NULL, 'Pr - 4 ( Baglung, Myagdi, Manang and Mustang ) - Techminds Aa. wa. 2077 - 78 Report.xlsx', 1, NULL, NULL),
(788, 34, '1291.pdf', NULL, '1291.pdf', 1, NULL, NULL),
(789, 34, '1627.pdf', NULL, '1627.pdf', 1, NULL, NULL),
(790, 34, '1628.pdf', NULL, '1628.pdf', 1, NULL, NULL),
(791, 34, '1663.pdf', NULL, '1663.pdf', 1, NULL, NULL),
(792, 34, '1714.pdf', NULL, '1714.pdf', 1, NULL, NULL),
(793, 34, '1929.pdf', NULL, '1929.pdf', 1, NULL, NULL),
(794, 34, '1957.pdf', NULL, '1957.pdf', 1, NULL, NULL),
(795, 34, '1981.pdf', NULL, '1981.pdf', 1, NULL, NULL),
(796, 34, '2497.pdf', NULL, '2497.pdf', 1, NULL, NULL),
(797, 34, '2518.pdf', NULL, '2518.pdf', 1, NULL, NULL),
(798, 34, '2799.pdf', NULL, '2799.pdf', 1, NULL, NULL),
(799, 34, '281.pdf', NULL, '281.pdf', 1, NULL, NULL),
(800, 34, '3810.pdf', NULL, '3810.pdf', 1, NULL, NULL),
(801, 34, '4098.pdf', NULL, '4098.pdf', 1, NULL, NULL),
(802, 34, '684.pdf', NULL, '684.pdf', 1, NULL, NULL),
(803, 34, '7487.pdf', NULL, '7487.pdf', 1, NULL, NULL),
(804, 34, '7545.pdf', NULL, '7545.pdf', 1, NULL, NULL),
(805, 34, '7550.pdf', NULL, '7550.pdf', 1, NULL, NULL),
(806, 34, '8863.pdf', NULL, '8863.pdf', 1, NULL, NULL),
(807, 34, '8940.pdf', NULL, '8940.pdf', 1, NULL, NULL),
(808, 34, '9592.pdf', NULL, '9592.pdf', 1, NULL, NULL),
(809, 34, 'Pradesh no 1 ko B package sambadhma Report.xlsx', NULL, 'Pradesh no 1 ko B package sambadhma Report.xlsx', 1, NULL, NULL),
(810, 35, '1446.pdf', NULL, '1446.pdf', 1, NULL, NULL),
(811, 35, '1547.pdf', NULL, '1547.pdf', 1, NULL, NULL),
(812, 35, '1763.pdf', NULL, '1763.pdf', 1, NULL, NULL),
(813, 35, '1769.pdf', NULL, '1769.pdf', 1, NULL, NULL),
(814, 35, '1832.pdf', NULL, '1832.pdf', 1, NULL, NULL),
(815, 35, '2181.pdf', NULL, '2181.pdf', 1, NULL, NULL),
(816, 35, '2220.pdf', NULL, '2220.pdf', 1, NULL, NULL),
(817, 35, '2626.pdf', NULL, '2626.pdf', 1, NULL, NULL),
(818, 35, '2996.pdf', NULL, '2996.pdf', 1, NULL, NULL),
(819, 35, '3532.pdf', NULL, '3532.pdf', 1, NULL, NULL),
(820, 35, '3557.pdf', NULL, '3557.pdf', 1, NULL, NULL),
(821, 35, '3574.pdf', NULL, '3574.pdf', 1, NULL, NULL),
(822, 35, '3646.pdf', NULL, '3646.pdf', 1, NULL, NULL),
(823, 35, '3859.pdf', NULL, '3859.pdf', 1, NULL, NULL),
(824, 35, '4694.pdf', NULL, '4694.pdf', 1, NULL, NULL),
(825, 35, '4695.pdf', NULL, '4695.pdf', 1, NULL, NULL),
(826, 35, '953.pdf', NULL, '953.pdf', 1, NULL, NULL),
(827, 35, 'Province 1 ( Illam, Jhapa, Morang, Sunsari and Udaypur ) ( Techminds ) Report.xlsx', NULL, 'Province 1 ( Illam, Jhapa, Morang, Sunsari and Udaypur ) ( Techminds ) Report.xlsx', 1, NULL, NULL),
(828, 36, '1208.pdf', NULL, '1208.pdf', 1, NULL, NULL),
(829, 36, '1623.pdf', NULL, '1623.pdf', 1, NULL, NULL),
(830, 36, '1876.pdf', NULL, '1876.pdf', 1, NULL, NULL),
(831, 36, '2165.pdf', NULL, '2165.pdf', 1, NULL, NULL),
(832, 36, '2714.pdf', NULL, '2714.pdf', 1, NULL, NULL),
(833, 36, '324.pdf', NULL, '324.pdf', 1, NULL, NULL),
(834, 36, '33.pdf', NULL, '33.pdf', 1, NULL, NULL),
(835, 36, '4195.pdf', NULL, '4195.pdf', 1, NULL, NULL),
(836, 36, '4204.pdf', NULL, '4204.pdf', 1, NULL, NULL),
(837, 36, '4464.pdf', NULL, '4464.pdf', 1, NULL, NULL),
(838, 36, '4564.pdf', NULL, '4564.pdf', 1, NULL, NULL),
(839, 36, '4687.pdf', NULL, '4687.pdf', 1, NULL, NULL),
(840, 36, '676.pdf', NULL, '676.pdf', 1, NULL, NULL),
(841, 36, 'Province 2 (Subisu Cablenet Pvt. Ltd.) 2077 Report.xlsx', NULL, 'Province 2 (Subisu Cablenet Pvt. Ltd.) 2077 Report.xlsx', 1, NULL, NULL),
(842, 37, '~$Province 4 Kaski, Tanahu, Lamjung, Parbat and Syangja Report.xlsx', NULL, '~$Province 4 Kaski, Tanahu, Lamjung, Parbat and Syangja Report.xlsx', 1, NULL, NULL),
(843, 37, '10012.pdf', NULL, '10012.pdf', 1, NULL, NULL),
(844, 37, '1363.pdf', NULL, '1363.pdf', 1, NULL, NULL),
(845, 37, '1391.pdf', NULL, '1391.pdf', 1, NULL, NULL),
(846, 37, '1713.pdf', NULL, '1713.pdf', 1, NULL, NULL),
(847, 37, '1841.pdf', NULL, '1841.pdf', 1, NULL, NULL),
(848, 37, '1928.pdf', NULL, '1928.pdf', 1, NULL, NULL),
(849, 37, '1950.pdf', NULL, '1950.pdf', 1, NULL, NULL),
(850, 37, '2110.pdf', NULL, '2110.pdf', 1, NULL, NULL),
(851, 37, '2406.pdf', NULL, '2406.pdf', 1, NULL, NULL),
(852, 37, '2410.pdf', NULL, '2410.pdf', 1, NULL, NULL),
(853, 37, '3115.pdf', NULL, '3115.pdf', 1, NULL, NULL),
(854, 37, '3359.pdf', NULL, '3359.pdf', 1, NULL, NULL),
(855, 37, '3778.pdf', NULL, '3778.pdf', 1, NULL, NULL),
(856, 37, '3889.pdf', NULL, '3889.pdf', 1, NULL, NULL),
(857, 37, '3893.pdf', NULL, '3893.pdf', 1, NULL, NULL),
(858, 37, '3916.pdf', NULL, '3916.pdf', 1, NULL, NULL),
(859, 37, '3994.pdf', NULL, '3994.pdf', 1, NULL, NULL),
(860, 37, '4004.pdf', NULL, '4004.pdf', 1, NULL, NULL);
INSERT INTO `documents` (`id`, `document_folder_id`, `name`, `description`, `file_path`, `fiscal_year_id`, `created_at`, `updated_at`) VALUES
(861, 37, '408.pdf', NULL, '408.pdf', 1, NULL, NULL),
(862, 37, '4138.pdf', NULL, '4138.pdf', 1, NULL, NULL),
(863, 37, '4341.pdf', NULL, '4341.pdf', 1, NULL, NULL),
(864, 37, '4777.pdf', NULL, '4777.pdf', 1, NULL, NULL),
(865, 37, '488.pdf', NULL, '488.pdf', 1, NULL, NULL),
(866, 37, '6546.pdf', NULL, '6546.pdf', 1, NULL, NULL),
(867, 37, '8392.pdf', NULL, '8392.pdf', 1, NULL, NULL),
(868, 37, '851.pdf', NULL, '851.pdf', 1, NULL, NULL),
(869, 37, '856.pdf', NULL, '856.pdf', 1, NULL, NULL),
(870, 37, '8662.pdf', NULL, '8662.pdf', 1, NULL, NULL),
(871, 37, '868.pdf', NULL, '868.pdf', 1, NULL, NULL),
(872, 37, '890.pdf', NULL, '890.pdf', 1, NULL, NULL),
(873, 37, '8939.pdf', NULL, '8939.pdf', 1, NULL, NULL),
(874, 37, 'Province 4 Kaski, Tanahu, Lamjung, Parbat and Syangja Report.xlsx', NULL, 'Province 4 Kaski, Tanahu, Lamjung, Parbat and Syangja Report.xlsx', 1, NULL, NULL),
(875, 38, '1390.pdf', NULL, '1390.pdf', 1, NULL, NULL),
(876, 38, '1414.pdf', NULL, '1414.pdf', 1, NULL, NULL),
(877, 38, '1596.pdf', NULL, '1596.pdf', 1, NULL, NULL),
(878, 38, '410.pdf', NULL, '410.pdf', 1, NULL, NULL),
(879, 38, '4.pdf', NULL, '4.pdf', 1, NULL, NULL),
(880, 38, '507.pdf', NULL, '507.pdf', 1, NULL, NULL),
(881, 38, '550.pdf', NULL, '550.pdf', 1, NULL, NULL),
(882, 38, '575.pdf', NULL, '575.pdf', 1, NULL, NULL),
(883, 38, '5.pdf', NULL, '5.pdf', 1, NULL, NULL),
(884, 38, '6.pdf', NULL, '6.pdf', 1, NULL, NULL),
(885, 38, '8.pdf', NULL, '8.pdf', 1, NULL, NULL),
(886, 38, '9939.pdf', NULL, '9939.pdf', 1, NULL, NULL),
(887, 38, 'Province 5 Palpa, Gulmi, Arghakhachi and Pyuthan Report.xlsx', NULL, 'Province 5 Palpa, Gulmi, Arghakhachi and Pyuthan Report.xlsx', 1, NULL, NULL),
(888, 39, '1149.pdf', NULL, '1149.pdf', 1, NULL, NULL),
(889, 39, '1187.pdf', NULL, '1187.pdf', 1, NULL, NULL),
(890, 39, '1234.pdf', NULL, '1234.pdf', 1, NULL, NULL),
(891, 39, '1345.pdf', NULL, '1345.pdf', 1, NULL, NULL),
(892, 39, '1389.pdf', NULL, '1389.pdf', 1, NULL, NULL),
(893, 39, '1413.pdf', NULL, '1413.pdf', 1, NULL, NULL),
(894, 39, '2323.pdf', NULL, '2323.pdf', 1, NULL, NULL),
(895, 39, '2389.pdf', NULL, '2389.pdf', 1, NULL, NULL),
(896, 39, '2918.pdf', NULL, '2918.pdf', 1, NULL, NULL),
(897, 39, '3031.pdf', NULL, '3031.pdf', 1, NULL, NULL),
(898, 39, '3195.pdf', NULL, '3195.pdf', 1, NULL, NULL),
(899, 39, '3312.pdf', NULL, '3312.pdf', 1, NULL, NULL),
(900, 39, '3522.pdf', NULL, '3522.pdf', 1, NULL, NULL),
(901, 39, '3531.pdf', NULL, '3531.pdf', 1, NULL, NULL),
(902, 39, '3593.pdf', NULL, '3593.pdf', 1, NULL, NULL),
(903, 39, '3673.pdf', NULL, '3673.pdf', 1, NULL, NULL),
(904, 39, '3708.pdf', NULL, '3708.pdf', 1, NULL, NULL),
(905, 39, '3709.pdf', NULL, '3709.pdf', 1, NULL, NULL),
(906, 39, '4156.pdf', NULL, '4156.pdf', 1, NULL, NULL),
(907, 39, '4157.pdf', NULL, '4157.pdf', 1, NULL, NULL),
(908, 39, '4391.pdf', NULL, '4391.pdf', 1, NULL, NULL),
(909, 39, '4493.pdf', NULL, '4493.pdf', 1, NULL, NULL),
(910, 39, '452.pdf', NULL, '452.pdf', 1, NULL, NULL),
(911, 39, '4705.pdf', NULL, '4705.pdf', 1, NULL, NULL),
(912, 39, '584.pdf', NULL, '584.pdf', 1, NULL, NULL),
(913, 39, '601.pdf', NULL, '601.pdf', 1, NULL, NULL),
(914, 39, '8449.pdf', NULL, '8449.pdf', 1, NULL, NULL),
(915, 39, '9058.pdf', NULL, '9058.pdf', 1, NULL, NULL),
(916, 39, '9059.pdf', NULL, '9059.pdf', 1, NULL, NULL),
(917, 39, '9093.pdf', NULL, '9093.pdf', 1, NULL, NULL),
(918, 39, '9333.pdf', NULL, '9333.pdf', 1, NULL, NULL),
(919, 39, 'Province 6 ( Surkhet, Dailekh and Salyan ) 2076 Techminds Report.xlsx', NULL, 'Province 6 ( Surkhet, Dailekh and Salyan ) 2076 Techminds Report.xlsx', 1, NULL, NULL),
(920, 40, '1106.pdf', NULL, '1106.pdf', 1, NULL, NULL),
(921, 40, '1255.pdf', NULL, '1255.pdf', 1, NULL, NULL),
(922, 40, '1256.pdf', NULL, '1256.pdf', 1, NULL, NULL),
(923, 40, '1443.pdf', NULL, '1443.pdf', 1, NULL, NULL),
(924, 40, '1567.pdf', NULL, '1567.pdf', 1, NULL, NULL),
(925, 40, '1644.pdf', NULL, '1644.pdf', 1, NULL, NULL),
(926, 40, '1730.pdf', NULL, '1730.pdf', 1, NULL, NULL),
(927, 40, '1922.pdf', NULL, '1922.pdf', 1, NULL, NULL),
(928, 40, '1951.pdf', NULL, '1951.pdf', 1, NULL, NULL),
(929, 40, '2005.pdf', NULL, '2005.pdf', 1, NULL, NULL),
(930, 40, '2210.pdf', NULL, '2210.pdf', 1, NULL, NULL),
(931, 40, '226.pdf', NULL, '226.pdf', 1, NULL, NULL),
(932, 40, '2284.pdf', NULL, '2284.pdf', 1, NULL, NULL),
(933, 40, '2409.pdf', NULL, '2409.pdf', 1, NULL, NULL),
(934, 40, '2452.pdf', NULL, '2452.pdf', 1, NULL, NULL),
(935, 40, '2654.pdf', NULL, '2654.pdf', 1, NULL, NULL),
(936, 40, '2987.pdf', NULL, '2987.pdf', 1, NULL, NULL),
(937, 40, '3033.pdf', NULL, '3033.pdf', 1, NULL, NULL),
(938, 40, '3346.pdf', NULL, '3346.pdf', 1, NULL, NULL),
(939, 40, '3569.pdf', NULL, '3569.pdf', 1, NULL, NULL),
(940, 40, '3639.pdf', NULL, '3639.pdf', 1, NULL, NULL),
(941, 40, '385.pdf', NULL, '385.pdf', 1, NULL, NULL),
(942, 40, '4058.pdf', NULL, '4058.pdf', 1, NULL, NULL),
(943, 40, '415.pdf', NULL, '415.pdf', 1, NULL, NULL),
(944, 40, '4420.pdf', NULL, '4420.pdf', 1, NULL, NULL),
(945, 40, '4445.pdf', NULL, '4445.pdf', 1, NULL, NULL),
(946, 40, '4507.pdf', NULL, '4507.pdf', 1, NULL, NULL),
(947, 40, '489.pdf', NULL, '489.pdf', 1, NULL, NULL),
(948, 40, '5076.pdf', NULL, '5076.pdf', 1, NULL, NULL),
(949, 40, '606.pdf', NULL, '606.pdf', 1, NULL, NULL),
(950, 40, '6480.pdf', NULL, '6480.pdf', 1, NULL, NULL),
(951, 40, '663.pdf', NULL, '663.pdf', 1, NULL, NULL),
(952, 40, '866.pdf', NULL, '866.pdf', 1, NULL, NULL),
(953, 40, '966.pdf', NULL, '966.pdf', 1, NULL, NULL),
(954, 40, 'Province 7 ( vianet ) (2) Report.xlsx', NULL, 'Province 7 ( vianet ) (2) Report.xlsx', 1, NULL, NULL),
(955, 41, '~$Province 4 Kaski, Tanahu, Lamjung, Parbat and Syangja Report.xlsx', NULL, '~$Province 4 Kaski, Tanahu, Lamjung, Parbat and Syangja Report.xlsx', 1, NULL, NULL),
(956, 41, '10012.pdf', NULL, '10012.pdf', 1, NULL, NULL),
(957, 41, '1363.pdf', NULL, '1363.pdf', 1, NULL, NULL),
(958, 41, '1391.pdf', NULL, '1391.pdf', 1, NULL, NULL),
(959, 41, '1713.pdf', NULL, '1713.pdf', 1, NULL, NULL),
(960, 41, '1841.pdf', NULL, '1841.pdf', 1, NULL, NULL),
(961, 41, '1928.pdf', NULL, '1928.pdf', 1, NULL, NULL),
(962, 41, '1950.pdf', NULL, '1950.pdf', 1, NULL, NULL),
(963, 41, '2110.pdf', NULL, '2110.pdf', 1, NULL, NULL),
(964, 41, '2406.pdf', NULL, '2406.pdf', 1, NULL, NULL),
(965, 41, '2410.pdf', NULL, '2410.pdf', 1, NULL, NULL),
(966, 41, '3115.pdf', NULL, '3115.pdf', 1, NULL, NULL),
(967, 41, '3359.pdf', NULL, '3359.pdf', 1, NULL, NULL),
(968, 41, '3778.pdf', NULL, '3778.pdf', 1, NULL, NULL),
(969, 41, '3889.pdf', NULL, '3889.pdf', 1, NULL, NULL),
(970, 41, '3893.pdf', NULL, '3893.pdf', 1, NULL, NULL),
(971, 41, '3916.pdf', NULL, '3916.pdf', 1, NULL, NULL),
(972, 41, '3994.pdf', NULL, '3994.pdf', 1, NULL, NULL),
(973, 41, '4004.pdf', NULL, '4004.pdf', 1, NULL, NULL),
(974, 41, '408.pdf', NULL, '408.pdf', 1, NULL, NULL),
(975, 41, '4138.pdf', NULL, '4138.pdf', 1, NULL, NULL),
(976, 41, '4341.pdf', NULL, '4341.pdf', 1, NULL, NULL),
(977, 41, '4777.pdf', NULL, '4777.pdf', 1, NULL, NULL),
(978, 41, '488.pdf', NULL, '488.pdf', 1, NULL, NULL),
(979, 41, '6546.pdf', NULL, '6546.pdf', 1, NULL, NULL),
(980, 41, '8392.pdf', NULL, '8392.pdf', 1, NULL, NULL),
(981, 41, '851.pdf', NULL, '851.pdf', 1, NULL, NULL),
(982, 41, '856.pdf', NULL, '856.pdf', 1, NULL, NULL),
(983, 41, '8662.pdf', NULL, '8662.pdf', 1, NULL, NULL),
(984, 41, '868.pdf', NULL, '868.pdf', 1, NULL, NULL),
(985, 41, '890.pdf', NULL, '890.pdf', 1, NULL, NULL),
(986, 41, '8939.pdf', NULL, '8939.pdf', 1, NULL, NULL),
(987, 41, 'Province 4 Kaski, Tanahu, Lamjung, Parbat and Syangja Report.xlsx', NULL, 'Province 4 Kaski, Tanahu, Lamjung, Parbat and Syangja Report.xlsx', 1, NULL, NULL),
(988, 42, '1188.pdf', NULL, '1188.pdf', 1, NULL, NULL),
(989, 42, '1289.pdf', NULL, '1289.pdf', 1, NULL, NULL),
(990, 42, '1974.pdf', NULL, '1974.pdf', 1, NULL, NULL),
(991, 42, '1991.pdf', NULL, '1991.pdf', 1, NULL, NULL),
(992, 42, '1994.pdf', NULL, '1994.pdf', 1, NULL, NULL),
(993, 42, '3112.pdf', NULL, '3112.pdf', 1, NULL, NULL),
(994, 42, '3265.pdf', NULL, '3265.pdf', 1, NULL, NULL),
(995, 42, '3422.pdf', NULL, '3422.pdf', 1, NULL, NULL),
(996, 42, '3675.pdf', NULL, '3675.pdf', 1, NULL, NULL),
(997, 42, '3970.pdf', NULL, '3970.pdf', 1, NULL, NULL),
(998, 42, '4437.pdf', NULL, '4437.pdf', 1, NULL, NULL),
(999, 42, '4472.pdf', NULL, '4472.pdf', 1, NULL, NULL),
(1000, 42, '4508.pdf', NULL, '4508.pdf', 1, NULL, NULL),
(1001, 42, '4624.pdf', NULL, '4624.pdf', 1, NULL, NULL),
(1002, 42, '5079.pdf', NULL, '5079.pdf', 1, NULL, NULL),
(1003, 42, '5088.pdf', NULL, '5088.pdf', 1, NULL, NULL),
(1004, 42, '6033.pdf', NULL, '6033.pdf', 1, NULL, NULL),
(1005, 42, '6051.pdf', NULL, '6051.pdf', 1, NULL, NULL),
(1006, 42, '6052.pdf', NULL, '6052.pdf', 1, NULL, NULL),
(1007, 42, '6070.pdf', NULL, '6070.pdf', 1, NULL, NULL),
(1008, 42, 'Province - 6 ( Surkhet, Dailekh and Salyan ) Report.xlsx', NULL, 'Province - 6 ( Surkhet, Dailekh and Salyan ) Report.xlsx', 1, NULL, NULL),
(1009, 43, '139.pdf', NULL, '139.pdf', 1, NULL, NULL),
(1010, 43, '2292.pdf', NULL, '2292.pdf', 1, NULL, NULL),
(1011, 43, '3273.pdf', NULL, '3273.pdf', 1, NULL, NULL),
(1012, 43, '3296.pdf', NULL, '3296.pdf', 1, NULL, NULL),
(1013, 43, '3534.pdf', NULL, '3534.pdf', 1, NULL, NULL),
(1014, 43, '3556.pdf', NULL, '3556.pdf', 1, NULL, NULL),
(1015, 43, '3662.pdf', NULL, '3662.pdf', 1, NULL, NULL),
(1016, 43, '5534.pdf', NULL, '5534.pdf', 1, NULL, NULL),
(1017, 43, '5572.pdf', NULL, '5572.pdf', 1, NULL, NULL),
(1018, 43, '721.pdf', NULL, '721.pdf', 1, NULL, NULL),
(1019, 43, '8612.pdf', NULL, '8612.pdf', 1, NULL, NULL),
(1020, 43, 'Report of file Sakha sambandhit.xlsx', NULL, 'Report of file Sakha sambandhit.xlsx', 1, NULL, NULL),
(1021, 44, '100.pdf', NULL, '100.pdf', 1, NULL, NULL),
(1022, 44, '1218.pdf', NULL, '1218.pdf', 1, NULL, NULL),
(1023, 44, '1240.pdf', NULL, '1240.pdf', 1, NULL, NULL),
(1024, 44, '1276.pdf', NULL, '1276.pdf', 1, NULL, NULL),
(1025, 44, '151.pdf', NULL, '151.pdf', 1, NULL, NULL),
(1026, 44, '1522.pdf', NULL, '1522.pdf', 1, NULL, NULL),
(1027, 44, '1523.pdf', NULL, '1523.pdf', 1, NULL, NULL),
(1028, 44, '1686.pdf', NULL, '1686.pdf', 1, NULL, NULL),
(1029, 44, '1694.pdf', NULL, '1694.pdf', 1, NULL, NULL),
(1030, 44, '1909.pdf', NULL, '1909.pdf', 1, NULL, NULL),
(1031, 44, '1965.pdf', NULL, '1965.pdf', 1, NULL, NULL),
(1032, 44, '1977.pdf', NULL, '1977.pdf', 1, NULL, NULL),
(1033, 44, '2179.pdf', NULL, '2179.pdf', 1, NULL, NULL),
(1034, 44, '2225.pdf', NULL, '2225.pdf', 1, NULL, NULL),
(1035, 44, '2351.pdf', NULL, '2351.pdf', 1, NULL, NULL),
(1036, 44, '254.pdf', NULL, '254.pdf', 1, NULL, NULL),
(1037, 44, '2681.pdf', NULL, '2681.pdf', 1, NULL, NULL),
(1038, 44, '2706.pdf', NULL, '2706.pdf', 1, NULL, NULL),
(1039, 44, '2710.pdf', NULL, '2710.pdf', 1, NULL, NULL),
(1040, 44, '298.pdf', NULL, '298.pdf', 1, NULL, NULL),
(1041, 44, '3052.pdf', NULL, '3052.pdf', 1, NULL, NULL),
(1042, 44, '3182.pdf', NULL, '3182.pdf', 1, NULL, NULL),
(1043, 44, '3218.pdf', NULL, '3218.pdf', 1, NULL, NULL),
(1044, 44, '3399.pdf', NULL, '3399.pdf', 1, NULL, NULL),
(1045, 44, '3404.pdf', NULL, '3404.pdf', 1, NULL, NULL),
(1046, 44, '3504.pdf', NULL, '3504.pdf', 1, NULL, NULL),
(1047, 44, '3725.pdf', NULL, '3725.pdf', 1, NULL, NULL),
(1048, 44, '3838.pdf', NULL, '3838.pdf', 1, NULL, NULL),
(1049, 44, '3871.pdf', NULL, '3871.pdf', 1, NULL, NULL),
(1050, 44, '3898.pdf', NULL, '3898.pdf', 1, NULL, NULL),
(1051, 44, '3930.pdf', NULL, '3930.pdf', 1, NULL, NULL),
(1052, 44, '3976.pdf', NULL, '3976.pdf', 1, NULL, NULL),
(1053, 44, '4042.pdf', NULL, '4042.pdf', 1, NULL, NULL),
(1054, 44, '4107.pdf', NULL, '4107.pdf', 1, NULL, NULL),
(1055, 44, '4250.pdf', NULL, '4250.pdf', 1, NULL, NULL),
(1056, 44, '4329.pdf', NULL, '4329.pdf', 1, NULL, NULL),
(1057, 44, '4466.pdf', NULL, '4466.pdf', 1, NULL, NULL),
(1058, 44, '4615.pdf', NULL, '4615.pdf', 1, NULL, NULL),
(1059, 44, '462.pdf', NULL, '462.pdf', 1, NULL, NULL),
(1060, 44, '4688.pdf', NULL, '4688.pdf', 1, NULL, NULL),
(1061, 44, '4732.pdf', NULL, '4732.pdf', 1, NULL, NULL),
(1062, 44, '4758.pdf', NULL, '4758.pdf', 1, NULL, NULL),
(1063, 44, '4772.pdf', NULL, '4772.pdf', 1, NULL, NULL),
(1064, 44, '5357.pdf', NULL, '5357.pdf', 1, NULL, NULL),
(1065, 44, '775.pdf', NULL, '775.pdf', 1, NULL, NULL),
(1066, 44, '823.pdf', NULL, '823.pdf', 1, NULL, NULL),
(1067, 44, '855.pdf', NULL, '855.pdf', 1, NULL, NULL),
(1068, 44, '8669.pdf', NULL, '8669.pdf', 1, NULL, NULL),
(1069, 44, '918.pdf', NULL, '918.pdf', 1, NULL, NULL),
(1070, 44, '9381.pdf', NULL, '9381.pdf', 1, NULL, NULL),
(1071, 44, 'Sanchar Tatha Suchana Praabidhi Mantralaya Report.xlsx', NULL, 'Sanchar Tatha Suchana Praabidhi Mantralaya Report.xlsx', 1, NULL, NULL),
(1072, 45, '122.pdf', NULL, '122.pdf', 1, NULL, NULL),
(1073, 45, '1381.pdf', NULL, '1381.pdf', 1, NULL, NULL),
(1074, 45, '1384.pdf', NULL, '1384.pdf', 1, NULL, NULL),
(1075, 45, '1386.pdf', NULL, '1386.pdf', 1, NULL, NULL),
(1076, 45, '1781.pdf', NULL, '1781.pdf', 1, NULL, NULL),
(1077, 45, '2081.pdf', NULL, '2081.pdf', 1, NULL, NULL),
(1078, 45, '20.pdf', NULL, '20.pdf', 1, NULL, NULL),
(1079, 45, '2188.pdf', NULL, '2188.pdf', 1, NULL, NULL),
(1080, 45, '2189.pdf', NULL, '2189.pdf', 1, NULL, NULL),
(1081, 45, '2818.pdf', NULL, '2818.pdf', 1, NULL, NULL),
(1082, 45, '2861.pdf', NULL, '2861.pdf', 1, NULL, NULL),
(1083, 45, '2862.pdf', NULL, '2862.pdf', 1, NULL, NULL),
(1084, 45, '2863.pdf', NULL, '2863.pdf', 1, NULL, NULL),
(1085, 45, '3071.pdf', NULL, '3071.pdf', 1, NULL, NULL),
(1086, 45, '3730.pdf', NULL, '3730.pdf', 1, NULL, NULL),
(1087, 45, '380.pdf', NULL, '380.pdf', 1, NULL, NULL),
(1088, 45, '3887.pdf', NULL, '3887.pdf', 1, NULL, NULL),
(1089, 45, '3967.pdf', NULL, '3967.pdf', 1, NULL, NULL),
(1090, 45, '41.pdf', NULL, '41.pdf', 1, NULL, NULL),
(1091, 45, '424.pdf', NULL, '424.pdf', 1, NULL, NULL),
(1092, 45, '4354.pdf', NULL, '4354.pdf', 1, NULL, NULL),
(1093, 45, '4448.pdf', NULL, '4448.pdf', 1, NULL, NULL),
(1094, 45, '4449.pdf', NULL, '4449.pdf', 1, NULL, NULL),
(1095, 45, '464.pdf', NULL, '464.pdf', 1, NULL, NULL),
(1096, 45, '5080.pdf', NULL, '5080.pdf', 1, NULL, NULL),
(1097, 45, '5093.pdf', NULL, '5093.pdf', 1, NULL, NULL),
(1098, 45, '520.pdf', NULL, '520.pdf', 1, NULL, NULL),
(1099, 45, '5218.pdf', NULL, '5218.pdf', 1, NULL, NULL),
(1100, 45, '5267.pdf', NULL, '5267.pdf', 1, NULL, NULL),
(1101, 45, '5315.pdf', NULL, '5315.pdf', 1, NULL, NULL),
(1102, 45, '5341.pdf', NULL, '5341.pdf', 1, NULL, NULL),
(1103, 45, '5933.pdf', NULL, '5933.pdf', 1, NULL, NULL),
(1104, 45, '6253.pdf', NULL, '6253.pdf', 1, NULL, NULL),
(1105, 45, '6341.pdf', NULL, '6341.pdf', 1, NULL, NULL),
(1106, 45, '6646.pdf', NULL, '6646.pdf', 1, NULL, NULL),
(1107, 45, '6946.pdf', NULL, '6946.pdf', 1, NULL, NULL),
(1108, 45, '7013.pdf', NULL, '7013.pdf', 1, NULL, NULL),
(1109, 45, '7081.pdf', NULL, '7081.pdf', 1, NULL, NULL),
(1110, 45, '7114.pdf', NULL, '7114.pdf', 1, NULL, NULL),
(1111, 45, '7559.pdf', NULL, '7559.pdf', 1, NULL, NULL),
(1112, 45, '7560.pdf', NULL, '7560.pdf', 1, NULL, NULL),
(1113, 45, '7576.pdf', NULL, '7576.pdf', 1, NULL, NULL),
(1114, 45, '760.pdf', NULL, '760.pdf', 1, NULL, NULL),
(1115, 45, '761.pdf', NULL, '761.pdf', 1, NULL, NULL),
(1116, 45, '7737.pdf', NULL, '7737.pdf', 1, NULL, NULL),
(1117, 45, '7854.pdf', NULL, '7854.pdf', 1, NULL, NULL),
(1118, 45, '787.pdf', NULL, '787.pdf', 1, NULL, NULL),
(1119, 45, '7922.pdf', NULL, '7922.pdf', 1, NULL, NULL),
(1120, 45, '8049.pdf', NULL, '8049.pdf', 1, NULL, NULL),
(1121, 45, '817.pdf', NULL, '817.pdf', 1, NULL, NULL),
(1122, 45, '8234.pdf', NULL, '8234.pdf', 1, NULL, NULL),
(1123, 45, '82.pdf', NULL, '82.pdf', 1, NULL, NULL),
(1124, 45, '8819.pdf', NULL, '8819.pdf', 1, NULL, NULL),
(1125, 45, '8856.pdf', NULL, '8856.pdf', 1, NULL, NULL),
(1126, 45, '8857.pdf', NULL, '8857.pdf', 1, NULL, NULL),
(1127, 45, '8865.pdf', NULL, '8865.pdf', 1, NULL, NULL),
(1128, 45, '9085.pdf', NULL, '9085.pdf', 1, NULL, NULL),
(1129, 45, '913.pdf', NULL, '913.pdf', 1, NULL, NULL),
(1130, 45, '9297.pdf', NULL, '9297.pdf', 1, NULL, NULL),
(1131, 45, '9496.pdf', NULL, '9496.pdf', 1, NULL, NULL),
(1132, 45, '9682.pdf', NULL, '9682.pdf', 1, NULL, NULL),
(1133, 45, '9683.pdf', NULL, '9683.pdf', 1, NULL, NULL),
(1134, 45, '9684.pdf', NULL, '9684.pdf', 1, NULL, NULL),
(1135, 45, '9685.pdf', NULL, '9685.pdf', 1, NULL, NULL),
(1136, 45, '9686.pdf', NULL, '9686.pdf', 1, NULL, NULL),
(1137, 45, '9687.pdf', NULL, '9687.pdf', 1, NULL, NULL),
(1138, 45, '972.pdf', NULL, '972.pdf', 1, NULL, NULL),
(1139, 45, '9839.pdf', NULL, '9839.pdf', 1, NULL, NULL),
(1140, 45, 'SMART TELECOM OFN 6 & 7 (2074) Report.xlsx', NULL, 'SMART TELECOM OFN 6 & 7 (2074) Report.xlsx', 1, NULL, NULL),
(1141, 46, '1031.pdf', NULL, '1031.pdf', 1, NULL, NULL),
(1142, 46, '1093.pdf', NULL, '1093.pdf', 1, NULL, NULL),
(1143, 46, '1222.pdf', NULL, '1222.pdf', 1, NULL, NULL),
(1144, 46, '1238.pdf', NULL, '1238.pdf', 1, NULL, NULL),
(1145, 46, '1489.pdf', NULL, '1489.pdf', 1, NULL, NULL),
(1146, 46, '1510.pdf', NULL, '1510.pdf', 1, NULL, NULL),
(1147, 46, '1531.pdf', NULL, '1531.pdf', 1, NULL, NULL),
(1148, 46, '1622.pdf', NULL, '1622.pdf', 1, NULL, NULL),
(1149, 46, '1702.pdf', NULL, '1702.pdf', 1, NULL, NULL),
(1150, 46, '177.pdf', NULL, '177.pdf', 1, NULL, NULL),
(1151, 46, '1827.pdf', NULL, '1827.pdf', 1, NULL, NULL),
(1152, 46, '1976.pdf', NULL, '1976.pdf', 1, NULL, NULL),
(1153, 46, '2055.pdf', NULL, '2055.pdf', 1, NULL, NULL),
(1154, 46, '2069.pdf', NULL, '2069.pdf', 1, NULL, NULL),
(1155, 46, '2153.pdf', NULL, '2153.pdf', 1, NULL, NULL),
(1156, 46, '2210.pdf', NULL, '2210.pdf', 1, NULL, NULL),
(1157, 46, '2244.pdf', NULL, '2244.pdf', 1, NULL, NULL),
(1158, 46, '2271.pdf', NULL, '2271.pdf', 1, NULL, NULL),
(1159, 46, '2342.pdf', NULL, '2342.pdf', 1, NULL, NULL),
(1160, 46, '2861.pdf', NULL, '2861.pdf', 1, NULL, NULL),
(1161, 46, '3396.pdf', NULL, '3396.pdf', 1, NULL, NULL),
(1162, 46, '3830.pdf', NULL, '3830.pdf', 1, NULL, NULL),
(1163, 46, '4296.pdf', NULL, '4296.pdf', 1, NULL, NULL),
(1164, 46, '8252.pdf', NULL, '8252.pdf', 1, NULL, NULL),
(1165, 46, '8924.pdf', NULL, '8924.pdf', 1, NULL, NULL),
(1166, 46, '909.pdf', NULL, '909.pdf', 1, NULL, NULL),
(1167, 46, '9296.pdf', NULL, '9296.pdf', 1, NULL, NULL),
(1168, 46, '9347.pdf', NULL, '9347.pdf', 1, NULL, NULL),
(1169, 46, '9393.pdf', NULL, '9393.pdf', 1, NULL, NULL),
(1170, 46, '9469.pdf', NULL, '9469.pdf', 1, NULL, NULL),
(1171, 46, 'SMART TELECOM OFN 6 and 7 (2075) Report.xlsx', NULL, 'SMART TELECOM OFN 6 and 7 (2075) Report.xlsx', 1, NULL, NULL),
(1172, 47, '2899.pdf', NULL, '2899.pdf', 1, NULL, NULL),
(1173, 47, '3105.pdf', NULL, '3105.pdf', 1, NULL, NULL),
(1174, 47, '3199.pdf', NULL, '3199.pdf', 1, NULL, NULL),
(1175, 47, '3388.pdf', NULL, '3388.pdf', 1, NULL, NULL),
(1176, 47, '369.pdf', NULL, '369.pdf', 1, NULL, NULL),
(1177, 47, '389.pdf', NULL, '389.pdf', 1, NULL, NULL),
(1178, 47, '4491.pdf', NULL, '4491.pdf', 1, NULL, NULL),
(1179, 47, '509.pdf', NULL, '509.pdf', 1, NULL, NULL),
(1180, 47, '5383.pdf', NULL, '5383.pdf', 1, NULL, NULL),
(1181, 47, '5418.pdf', NULL, '5418.pdf', 1, NULL, NULL),
(1182, 47, 'Su-Bi-Su. Province 5. Chitwan, Nawalpur, Nawalparasi, Rupandehi and Kapilvastu Report.xlsx', NULL, 'Su-Bi-Su. Province 5. Chitwan, Nawalpur, Nawalparasi, Rupandehi and Kapilvastu Report.xlsx', 1, NULL, NULL),
(1183, 48, '3987.pdf', NULL, '3987.pdf', 1, NULL, NULL),
(1184, 48, '4191.pdf', NULL, '4191.pdf', 1, NULL, NULL),
(1185, 48, '4383.pdf', NULL, '4383.pdf', 1, NULL, NULL),
(1186, 48, '4458.pdf', NULL, '4458.pdf', 1, NULL, NULL),
(1187, 48, '4652.pdf', NULL, '4652.pdf', 1, NULL, NULL),
(1188, 48, '4731.pdf', NULL, '4731.pdf', 1, NULL, NULL),
(1189, 48, '6916.pdf', NULL, '6916.pdf', 1, NULL, NULL),
(1190, 48, '7137.pdf', NULL, '7137.pdf', 1, NULL, NULL),
(1191, 48, '7194.pdf', NULL, '7194.pdf', 1, NULL, NULL),
(1192, 48, '7283.pdf', NULL, '7283.pdf', 1, NULL, NULL),
(1193, 48, '7345.pdf', NULL, '7345.pdf', 1, NULL, NULL),
(1194, 48, '7531.pdf', NULL, '7531.pdf', 1, NULL, NULL),
(1195, 48, '7789.pdf', NULL, '7789.pdf', 1, NULL, NULL),
(1196, 48, '7842.pdf', NULL, '7842.pdf', 1, NULL, NULL),
(1197, 48, '7947.pdf', NULL, '7947.pdf', 1, NULL, NULL),
(1198, 48, '8045.pdf', NULL, '8045.pdf', 1, NULL, NULL),
(1199, 48, '806.pdf', NULL, '806.pdf', 1, NULL, NULL),
(1200, 48, 'Subisu Broadband Internet Connectivity Gorkha Dhading Makawanpur (2074) Report.xlsx', NULL, 'Subisu Broadband Internet Connectivity Gorkha Dhading Makawanpur (2074) Report.xlsx', 1, NULL, NULL),
(1201, 49, '1207.pdf', NULL, '1207.pdf', 1, NULL, NULL),
(1202, 49, '1863.pdf', NULL, '1863.pdf', 1, NULL, NULL),
(1203, 49, '2174.pdf', NULL, '2174.pdf', 1, NULL, NULL),
(1204, 49, '2184.pdf', NULL, '2184.pdf', 1, NULL, NULL),
(1205, 49, '2539.pdf', NULL, '2539.pdf', 1, NULL, NULL),
(1206, 49, '2835.pdf', NULL, '2835.pdf', 1, NULL, NULL),
(1207, 49, '2869.pdf', NULL, '2869.pdf', 1, NULL, NULL),
(1208, 49, '3337.pdf', NULL, '3337.pdf', 1, NULL, NULL),
(1209, 49, '3430.pdf', NULL, '3430.pdf', 1, NULL, NULL),
(1210, 49, '4723.pdf', NULL, '4723.pdf', 1, NULL, NULL),
(1211, 49, '8356.pdf', NULL, '8356.pdf', 1, NULL, NULL),
(1212, 49, '8495.pdf', NULL, '8495.pdf', 1, NULL, NULL),
(1213, 49, '8496.pdf', NULL, '8496.pdf', 1, NULL, NULL),
(1214, 49, '870.pdf', NULL, '870.pdf', 1, NULL, NULL),
(1215, 49, '8798.pdf', NULL, '8798.pdf', 1, NULL, NULL),
(1216, 49, '8826.pdf', NULL, '8826.pdf', 1, NULL, NULL),
(1217, 49, '93.pdf', NULL, '93.pdf', 1, NULL, NULL),
(1218, 49, '97.pdf', NULL, '97.pdf', 1, NULL, NULL),
(1219, 49, 'Subisu Cablenet Pvt. Ltd. EQ Package (2076) Report.xlsx', NULL, 'Subisu Cablenet Pvt. Ltd. EQ Package (2076) Report.xlsx', 1, NULL, NULL),
(1220, 50, '1261.pdf', NULL, '1261.pdf', 1, NULL, NULL),
(1221, 50, '1685.pdf', NULL, '1685.pdf', 1, NULL, NULL),
(1222, 50, '1892.pdf', NULL, '1892.pdf', 1, NULL, NULL),
(1223, 50, '2177.pdf', NULL, '2177.pdf', 1, NULL, NULL),
(1224, 50, '2702.pdf', NULL, '2702.pdf', 1, NULL, NULL),
(1225, 50, '331.pdf', NULL, '331.pdf', 1, NULL, NULL),
(1226, 50, '3342.pdf', NULL, '3342.pdf', 1, NULL, NULL),
(1227, 50, '376.pdf', NULL, '376.pdf', 1, NULL, NULL),
(1228, 50, '3904.pdf', NULL, '3904.pdf', 1, NULL, NULL),
(1229, 50, '4097.pdf', NULL, '4097.pdf', 1, NULL, NULL),
(1230, 50, '4126.pdf', NULL, '4126.pdf', 1, NULL, NULL),
(1231, 50, '4415.pdf', NULL, '4415.pdf', 1, NULL, NULL),
(1232, 50, '828.pdf', NULL, '828.pdf', 1, NULL, NULL),
(1233, 50, '860.pdf', NULL, '860.pdf', 1, NULL, NULL),
(1234, 50, '9047.pdf', NULL, '9047.pdf', 1, NULL, NULL),
(1235, 50, '9216.pdf', NULL, '9216.pdf', 1, NULL, NULL),
(1236, 50, '9391.pdf', NULL, '9391.pdf', 1, NULL, NULL),
(1237, 50, '9936.pdf', NULL, '9936.pdf', 1, NULL, NULL),
(1238, 50, '9954.pdf', NULL, '9954.pdf', 1, NULL, NULL),
(1239, 50, 'Subisu Cablenet Pvt Ltd ko Bhukampa pravavit chetra vivaran (2075) Report.xlsx', NULL, 'Subisu Cablenet Pvt Ltd ko Bhukampa pravavit chetra vivaran (2075) Report.xlsx', 1, NULL, NULL),
(1240, 51, '2098.pdf', NULL, '2098.pdf', 1, NULL, NULL),
(1241, 51, '2334.pdf', NULL, '2334.pdf', 1, NULL, NULL),
(1242, 51, '2519.pdf', NULL, '2519.pdf', 1, NULL, NULL),
(1243, 51, '2814.pdf', NULL, '2814.pdf', 1, NULL, NULL),
(1244, 51, '3355.pdf', NULL, '3355.pdf', 1, NULL, NULL),
(1245, 51, '3859.pdf', NULL, '3859.pdf', 1, NULL, NULL),
(1246, 51, '4742.pdf', NULL, '4742.pdf', 1, NULL, NULL),
(1247, 51, '4817.pdf', NULL, '4817.pdf', 1, NULL, NULL),
(1248, 51, '484.pdf', NULL, '484.pdf', 1, NULL, NULL),
(1249, 51, 'Techminds - panchthar - 2 Report.xlsx', NULL, 'Techminds - panchthar - 2 Report.xlsx', 1, NULL, NULL),
(1250, 52, '122.pdf', NULL, '122.pdf', 1, NULL, NULL),
(1251, 52, '1408.pdf', NULL, '1408.pdf', 1, NULL, NULL),
(1252, 52, '2134.pdf', NULL, '2134.pdf', 1, NULL, NULL),
(1253, 52, '2971.pdf', NULL, '2971.pdf', 1, NULL, NULL),
(1254, 52, '2973.pdf', NULL, '2973.pdf', 1, NULL, NULL),
(1255, 52, '2986.pdf', NULL, '2986.pdf', 1, NULL, NULL),
(1256, 52, '3596.pdf', NULL, '3596.pdf', 1, NULL, NULL),
(1257, 52, '5052.pdf', NULL, '5052.pdf', 1, NULL, NULL),
(1258, 52, '6244.pdf', NULL, '6244.pdf', 1, NULL, NULL),
(1259, 52, '638.pdf', NULL, '638.pdf', 1, NULL, NULL),
(1260, 52, '6423.pdf', NULL, '6423.pdf', 1, NULL, NULL),
(1261, 52, '6530.pdf', NULL, '6530.pdf', 1, NULL, NULL),
(1262, 52, '6716.pdf', NULL, '6716.pdf', 1, NULL, NULL),
(1263, 52, '6758.pdf', NULL, '6758.pdf', 1, NULL, NULL),
(1264, 52, '6763.pdf', NULL, '6763.pdf', 1, NULL, NULL),
(1265, 52, '6856.pdf', NULL, '6856.pdf', 1, NULL, NULL),
(1266, 52, '6868.pdf', NULL, '6868.pdf', 1, NULL, NULL),
(1267, 52, '6909.pdf', NULL, '6909.pdf', 1, NULL, NULL),
(1268, 52, '6953.pdf', NULL, '6953.pdf', 1, NULL, NULL),
(1269, 52, '6954.pdf', NULL, '6954.pdf', 1, NULL, NULL),
(1270, 52, '7437.pdf', NULL, '7437.pdf', 1, NULL, NULL),
(1271, 52, '7597.pdf', NULL, '7597.pdf', 1, NULL, NULL),
(1272, 52, '7615.pdf', NULL, '7615.pdf', 1, NULL, NULL),
(1273, 52, '7856.pdf', NULL, '7856.pdf', 1, NULL, NULL),
(1274, 52, '8041.pdf', NULL, '8041.pdf', 1, NULL, NULL),
(1275, 52, '8260.pdf', NULL, '8260.pdf', 1, NULL, NULL),
(1276, 52, '8261.pdf', NULL, '8261.pdf', 1, NULL, NULL),
(1277, 52, 'United Telecom Ltd. OFN Province 4 & 5 2073-2074 Report.xlsx', NULL, 'United Telecom Ltd. OFN Province 4 & 5 2073-2074 Report.xlsx', 1, NULL, NULL),
(1278, 53, '1220.pdf', NULL, '1220.pdf', 1, NULL, NULL),
(1279, 53, '12.pdf', NULL, '12.pdf', 1, NULL, NULL),
(1280, 53, '1347.pdf', NULL, '1347.pdf', 1, NULL, NULL),
(1281, 53, '13.pdf', NULL, '13.pdf', 1, NULL, NULL),
(1282, 53, '1696.pdf', NULL, '1696.pdf', 1, NULL, NULL),
(1283, 53, '1718.pdf', NULL, '1718.pdf', 1, NULL, NULL),
(1284, 53, '1797.pdf', NULL, '1797.pdf', 1, NULL, NULL),
(1285, 53, '1969.pdf', NULL, '1969.pdf', 1, NULL, NULL),
(1286, 53, '2034.pdf', NULL, '2034.pdf', 1, NULL, NULL),
(1287, 53, '2035.pdf', NULL, '2035.pdf', 1, NULL, NULL),
(1288, 53, '2048.pdf', NULL, '2048.pdf', 1, NULL, NULL),
(1289, 53, '2053.pdf', NULL, '2053.pdf', 1, NULL, NULL),
(1290, 53, '2283.pdf', NULL, '2283.pdf', 1, NULL, NULL),
(1291, 53, '2380.pdf', NULL, '2380.pdf', 1, NULL, NULL),
(1292, 53, '2792.pdf', NULL, '2792.pdf', 1, NULL, NULL),
(1293, 53, '2952.pdf', NULL, '2952.pdf', 1, NULL, NULL),
(1294, 53, '3012.pdf', NULL, '3012.pdf', 1, NULL, NULL),
(1295, 53, '3038.pdf', NULL, '3038.pdf', 1, NULL, NULL),
(1296, 53, '3545.pdf', NULL, '3545.pdf', 1, NULL, NULL),
(1297, 53, '3601.pdf', NULL, '3601.pdf', 1, NULL, NULL),
(1298, 53, '3602.pdf', NULL, '3602.pdf', 1, NULL, NULL),
(1299, 53, '3705.pdf', NULL, '3705.pdf', 1, NULL, NULL),
(1300, 53, '3731.pdf', NULL, '3731.pdf', 1, NULL, NULL),
(1301, 53, '4073.pdf', NULL, '4073.pdf', 1, NULL, NULL),
(1302, 53, '4283.pdf', NULL, '4283.pdf', 1, NULL, NULL),
(1303, 53, '4381.pdf', NULL, '4381.pdf', 1, NULL, NULL),
(1304, 53, '451.pdf', NULL, '451.pdf', 1, NULL, NULL),
(1305, 53, '8725.pdf', NULL, '8725.pdf', 1, NULL, NULL),
(1306, 53, '8832.pdf', NULL, '8832.pdf', 1, NULL, NULL),
(1307, 53, '9055.pdf', NULL, '9055.pdf', 1, NULL, NULL),
(1308, 53, '9056.pdf', NULL, '9056.pdf', 1, NULL, NULL),
(1309, 53, '9094.pdf', NULL, '9094.pdf', 1, NULL, NULL),
(1310, 53, '960.pdf', NULL, '960.pdf', 1, NULL, NULL),
(1311, 53, '_tmp', NULL, '_tmp', 1, NULL, NULL),
(1312, 53, 'United Telecom Ltd. OFN Province 4 & 5 2075 Report.xlsx', NULL, 'United Telecom Ltd. OFN Province 4 & 5 2075 Report.xlsx', 1, NULL, NULL),
(1313, 54, '~$UTL ( 2076 ) Report.xlsx', NULL, '~$UTL ( 2076 ) Report.xlsx', 1, NULL, NULL),
(1314, 54, '382.pdf', NULL, '382.pdf', 1, NULL, NULL),
(1315, 54, '575.pdf', NULL, '575.pdf', 1, NULL, NULL),
(1316, 54, '663.pdf', NULL, '663.pdf', 1, NULL, NULL),
(1317, 54, '733.pdf', NULL, '733.pdf', 1, NULL, NULL),
(1318, 54, 'UTL ( 2076 ) Report.xlsx', NULL, 'UTL ( 2076 ) Report.xlsx', 1, NULL, NULL),
(1319, 55, '~$Worldlink Communication (Karnali) package AB (2076) Report.xlsx', NULL, '~$Worldlink Communication (Karnali) package AB (2076) Report.xlsx', 1, NULL, NULL),
(1320, 55, '1145.pdf', NULL, '1145.pdf', 1, NULL, NULL),
(1321, 55, '1164.pdf', NULL, '1164.pdf', 1, NULL, NULL),
(1322, 55, '1203.pdf', NULL, '1203.pdf', 1, NULL, NULL),
(1323, 55, '1486.pdf', NULL, '1486.pdf', 1, NULL, NULL),
(1324, 55, '1703.pdf', NULL, '1703.pdf', 1, NULL, NULL),
(1325, 55, '1771.pdf', NULL, '1771.pdf', 1, NULL, NULL),
(1326, 55, '1892.pdf', NULL, '1892.pdf', 1, NULL, NULL),
(1327, 55, '1914.pdf', NULL, '1914.pdf', 1, NULL, NULL),
(1328, 55, '199.pdf', NULL, '199.pdf', 1, NULL, NULL),
(1329, 55, '2015.pdf', NULL, '2015.pdf', 1, NULL, NULL),
(1330, 55, '2283.pdf', NULL, '2283.pdf', 1, NULL, NULL),
(1331, 55, '2335.pdf', NULL, '2335.pdf', 1, NULL, NULL),
(1332, 55, '233.pdf', NULL, '233.pdf', 1, NULL, NULL),
(1333, 55, '2343.pdf', NULL, '2343.pdf', 1, NULL, NULL),
(1334, 55, '2429.pdf', NULL, '2429.pdf', 1, NULL, NULL),
(1335, 55, '2432.pdf', NULL, '2432.pdf', 1, NULL, NULL),
(1336, 55, '2435.pdf', NULL, '2435.pdf', 1, NULL, NULL),
(1337, 55, '2445.pdf', NULL, '2445.pdf', 1, NULL, NULL),
(1338, 55, '2484.pdf', NULL, '2484.pdf', 1, NULL, NULL),
(1339, 55, '2616.pdf', NULL, '2616.pdf', 1, NULL, NULL),
(1340, 55, '2697.pdf', NULL, '2697.pdf', 1, NULL, NULL),
(1341, 55, '3000.pdf', NULL, '3000.pdf', 1, NULL, NULL),
(1342, 55, '3162.pdf', NULL, '3162.pdf', 1, NULL, NULL),
(1343, 55, '3163.pdf', NULL, '3163.pdf', 1, NULL, NULL),
(1344, 55, '40.pdf', NULL, '40.pdf', 1, NULL, NULL),
(1345, 55, '41.pdf', NULL, '41.pdf', 1, NULL, NULL),
(1346, 55, '585.pdf', NULL, '585.pdf', 1, NULL, NULL),
(1347, 55, '616.pdf', NULL, '616.pdf', 1, NULL, NULL),
(1348, 55, '636.pdf', NULL, '636.pdf', 1, NULL, NULL),
(1349, 55, '648.pdf', NULL, '648.pdf', 1, NULL, NULL),
(1350, 55, '707.pdf', NULL, '707.pdf', 1, NULL, NULL),
(1351, 55, '8123.pdf', NULL, '8123.pdf', 1, NULL, NULL),
(1352, 55, '816.pdf', NULL, '816.pdf', 1, NULL, NULL),
(1353, 55, '841.pdf', NULL, '841.pdf', 1, NULL, NULL),
(1354, 55, 'Worldlink Communication (Karnali) package AB (2076) Report.xlsx', NULL, 'Worldlink Communication (Karnali) package AB (2076) Report.xlsx', 1, NULL, NULL),
(1355, 56, '1322.pdf', NULL, '1322.pdf', 1, NULL, NULL),
(1356, 56, '1486.pdf', NULL, '1486.pdf', 1, NULL, NULL),
(1357, 56, '1535.pdf', NULL, '1535.pdf', 1, NULL, NULL),
(1358, 56, '1771.pdf', NULL, '1771.pdf', 1, NULL, NULL),
(1359, 56, '1939.pdf', NULL, '1939.pdf', 1, NULL, NULL),
(1360, 56, '256.pdf', NULL, '256.pdf', 1, NULL, NULL),
(1361, 56, '2623.pdf', NULL, '2623.pdf', 1, NULL, NULL),
(1362, 56, '3380.pdf', NULL, '3380.pdf', 1, NULL, NULL),
(1363, 56, '3443.pdf', NULL, '3443.pdf', 1, NULL, NULL),
(1364, 56, '3572.pdf', NULL, '3572.pdf', 1, NULL, NULL),
(1365, 56, '3661.pdf', NULL, '3661.pdf', 1, NULL, NULL),
(1366, 56, '3819.pdf', NULL, '3819.pdf', 1, NULL, NULL),
(1367, 56, '3915.pdf', NULL, '3915.pdf', 1, NULL, NULL),
(1368, 56, '3998.pdf', NULL, '3998.pdf', 1, NULL, NULL),
(1369, 56, '4014.pdf', NULL, '4014.pdf', 1, NULL, NULL),
(1370, 56, '405 (2).pdf', NULL, '405 (2).pdf', 1, NULL, NULL),
(1371, 56, '405.pdf', NULL, '405.pdf', 1, NULL, NULL),
(1372, 56, '4101.pdf', NULL, '4101.pdf', 1, NULL, NULL),
(1373, 56, '8511.pdf', NULL, '8511.pdf', 1, NULL, NULL),
(1374, 56, '9453.pdf', NULL, '9453.pdf', 1, NULL, NULL),
(1375, 56, 'Worldlink Communications (Karnali) (2077) Report.xlsx', NULL, 'Worldlink Communications (Karnali) (2077) Report.xlsx', 1, NULL, NULL);

-- --------------------------------------------------------

--
-- Table structure for table `document_folders`
--

CREATE TABLE `document_folders` (
  `id` bigint(20) UNSIGNED NOT NULL,
  `name` varchar(255) COLLATE utf8mb4_unicode_ci NOT NULL,
  `folder` varchar(255) COLLATE utf8mb4_unicode_ci NOT NULL,
  `descriptions` varchar(255) COLLATE utf8mb4_unicode_ci DEFAULT NULL,
  `created_at` timestamp NULL DEFAULT NULL,
  `updated_at` timestamp NULL DEFAULT NULL
) ENGINE=InnoDB DEFAULT CHARSET=utf8mb4 COLLATE=utf8mb4_unicode_ci;

--
-- Dumping data for table `document_folders`
--

INSERT INTO `document_folders` (`id`, `name`, `folder`, `descriptions`, `created_at`, `updated_at`) VALUES
(1, 'Akhtiyar sanga sambandhit (2077)', 'Akhtiyar sanga sambandhit (2077)', '', NULL, NULL),
(2, 'Banke, Bardiya, Dang, Kailali and Kanchanpur', 'Banke, Bardiya, Dang, Kailali and Kanchanpur', '', NULL, NULL),
(3, 'Broadband Connectivity Karnali 8 Districts', 'Broadband Connectivity Karnali 8 Districts', '', NULL, NULL),
(4, 'Broadband Connectivity Karnali Package AB WorldLink Communications Pvt Ltd. (2074-75)', 'Broadband Connectivity Karnali Package AB WorldLink Communications Pvt Ltd. (2074-75)', '', NULL, NULL),
(5, 'Broadband Connectivity Lalitpur', 'Broadband Connectivity Lalitpur', '', NULL, NULL),
(6, 'Broadband Internet Access Province 1 (Taplejung, Sankhuwasabha,Solukhumbu)', 'Broadband Internet Access Province 1 (Taplejung, Sankhuwasabha,Solukhumbu)', '', NULL, NULL),
(7, 'Broadband Internet Access Province - 7', 'Broadband Internet Access Province - 7', '', NULL, NULL),
(8, 'Broadband Internet Province - 2 Subisu Cablenet Pvt. Ltd', 'Broadband Internet Province - 2 Subisu Cablenet Pvt. Ltd', '', NULL, NULL),
(9, 'Broadband Internet Province-2, Subisu Cablenet Pvt Ltd. (2076-77)', 'Broadband Internet Province-2, Subisu Cablenet Pvt Ltd. (2076-77)', '', NULL, NULL),
(10, 'Broadband Project ( 4 dist of Province 4 ) ( Baglung, Myagdi, Manang and Mustang )', 'Broadband Project ( 4 dist of Province 4 ) ( Baglung, Myagdi, Manang and Mustang )', '', NULL, NULL),
(11, 'Broad Band Projects Province 1, 3, 5 and 7', 'Broad Band Projects Province 1, 3, 5 and 7', '', NULL, NULL),
(12, 'Digitization-Radiant Info-tech Nepal Pvt Ltd', 'Digitization-Radiant Info-tech Nepal Pvt Ltd', '', NULL, NULL),
(13, 'Earthquake affected districts', 'Earthquake affected districts', '', NULL, NULL),
(14, 'Gap Analysis _ Smart Management and Research Team Pvt Ltd', 'Gap Analysis _ Smart Management and Research Team Pvt Ltd', '', NULL, NULL),
(15, 'Gulmi, Palpa, ArghaKhanchi and Pyuthan (Techminds Network Pvt Ltd.)', 'Gulmi, Palpa, ArghaKhanchi and Pyuthan (Techminds Network Pvt Ltd.)', '', NULL, NULL),
(16, 'Insurance of RTDF Projects', 'Insurance of RTDF Projects', '', NULL, NULL),
(17, 'Mercantile 2', 'Mercantile 2', '', NULL, NULL),
(18, 'Mercantile 3', 'Mercantile 3', '', NULL, NULL),
(19, 'Mercantile Broadband Internet Connectivity 4 Earthquake affected Districts', 'Mercantile Broadband Internet Connectivity 4 Earthquake affected Districts', '', NULL, NULL),
(20, 'MERCANTILE Earthquake (2)', 'MERCANTILE Earthquake (2)', '', NULL, NULL),
(21, 'Mercantile Eq - 3', 'Mercantile Eq - 3', '', NULL, NULL),
(22, 'Mercantile Eq - 4', 'Mercantile Eq - 4', '', NULL, NULL),
(23, 'Mid Hill - P 1, 2 and 3 Backbone, NTC', 'Mid Hill - P 1, 2 and 3 Backbone, NTC', '', NULL, NULL),
(24, 'Monitoring Consultant for RTDF Projects I', 'Monitoring Consultant for RTDF Projects I', '', NULL, NULL),
(25, 'Monitoring, Evaluation and Certification of RTDF Projects II', 'Monitoring, Evaluation and Certification of RTDF Projects II', '', NULL, NULL),
(26, 'Monitoring, Evaluation and Certification of RTDF Projects III', 'Monitoring, Evaluation and Certification of RTDF Projects III', '', NULL, NULL),
(27, 'NTA Optical Fiber Network Province 4 & 5 2073', 'NTA Optical Fiber Network Province 4 & 5 2073', '', NULL, NULL),
(28, 'NTC ( Province 6 and 7 )', 'NTC ( Province 6 and 7 )', '', NULL, NULL),
(29, 'NT Earthquake Affected District', 'NT Earthquake Affected District', '', NULL, NULL),
(30, 'Optical fiber Network (Mid-Hill Highway) NTC (2076)', 'Optical fiber Network (Mid-Hill Highway) NTC (2076)', '', NULL, NULL),
(31, 'Optical Fiber Network Project Mid-Hill Highway (Eastern)', 'Optical Fiber Network Project Mid-Hill Highway (Eastern)', '', NULL, NULL),
(32, 'PACKAGE - 5 Surkhet Sites 1  1st Phase Inspection Report MMTS', 'PACKAGE - 5 Surkhet Sites 1  1st Phase Inspection Report MMTS', '', NULL, NULL),
(33, 'Pr - 4 ( Baglung, Myagdi, Manang and Mustang ) - Techminds Aa. wa. 2077 - 78', 'Pr - 4 ( Baglung, Myagdi, Manang and Mustang ) - Techminds Aa. wa. 2077 - 78', '', NULL, NULL),
(34, 'Pradesh no 1 ko B package sambadhma', 'Pradesh no 1 ko B package sambadhma', '', NULL, NULL),
(35, 'Province 1 ( Illam, Jhapa, Morang, Sunsari and Udaypur ) ( Techminds )', 'Province 1 ( Illam, Jhapa, Morang, Sunsari and Udaypur ) ( Techminds )', '', NULL, NULL),
(36, 'Province 2 (Subisu Cablenet Pvt. Ltd.) 2077', 'Province 2 (Subisu Cablenet Pvt. Ltd.) 2077', '', NULL, NULL),
(37, 'Province 4 Kaski, Tanahu, Lamjung, Parbat and Syangja', 'Province 4 Kaski, Tanahu, Lamjung, Parbat and Syangja', '', NULL, NULL),
(38, 'Province - 4 Kaski, tanahu, Lamjung, Parbat, Syanja', 'Province - 4 Kaski, tanahu, Lamjung, Parbat, Syanja', '', NULL, NULL),
(39, 'Province 5 Palpa, Gulmi, Arghakhachi and Pyuthan', 'Province 5 Palpa, Gulmi, Arghakhachi and Pyuthan', '', NULL, NULL),
(40, 'Province - 6 ( Surkhet, Dailekh and Salyan )', 'Province - 6 ( Surkhet, Dailekh and Salyan )', '', NULL, NULL),
(41, 'Province 6 ( Surkhet, Dailekh and Salyan ) 2076 Techminds', 'Province 6 ( Surkhet, Dailekh and Salyan ) 2076 Techminds', '', NULL, NULL),
(42, 'Province 7 ( vianet ) (2)', 'Province 7 ( vianet ) (2)', '', NULL, NULL),
(43, 'Sakha Sambandhit', 'Sakha Sambandhit', '', NULL, NULL),
(44, 'Sanchar Tatha Suchana Prabidhi Mantralaya', 'Sanchar Tatha Suchana Prabidhi Mantralaya', '', NULL, NULL),
(45, 'SMART TELECOM OFN 6 & 7 (2074)', 'SMART TELECOM OFN 6 & 7 (2074)', '', NULL, NULL),
(46, 'SMART TELECOM OFN 6 and 7 (2075)', 'SMART TELECOM OFN 6 and 7 (2075)', '', NULL, NULL),
(47, 'Subisu Broadband Internet Connectivity Gorkha Dhading Makawanpur (2074)', 'Subisu Broadband Internet Connectivity Gorkha Dhading Makawanpur (2074)', '', NULL, NULL),
(48, 'Subisu Cablenet Pvt. Ltd. EQ Package (2076)', 'Subisu Cablenet Pvt. Ltd. EQ Package (2076)', '', NULL, NULL),
(49, 'Subisu Cablenet Pvt Ltd ko Bhukampa pravavit chetra vivaran (2075)', 'Subisu Cablenet Pvt Ltd ko Bhukampa pravavit chetra vivaran (2075)', '', NULL, NULL),
(50, 'Su-Bi-Su. Province 5. Chitwan, Nawalpur, Nawalparasi, Rupandehi and Kapilvastu', 'Su-Bi-Su. Province 5. Chitwan, Nawalpur, Nawalparasi, Rupandehi and Kapilvastu', '', NULL, NULL),
(51, 'Techminds - panchthar - 2', 'Techminds - panchthar - 2', '', NULL, NULL),
(52, 'United Telecom Ltd. OFN Province 4 & 5 2073-2074', 'United Telecom Ltd. OFN Province 4 & 5 2073-2074', '', NULL, NULL),
(53, 'United Telecom Ltd. OFN Province 4 & 5 2075', 'United Telecom Ltd. OFN Province 4 & 5 2075', '', NULL, NULL),
(54, 'UTL ( 2076 )', 'UTL ( 2076 )', '', NULL, NULL),
(55, 'Worldlink Communication (Karnali) package AB (2076)', 'Worldlink Communication (Karnali) package AB (2076)', '', NULL, NULL),
(56, 'Worldlink Communications (Karnali) (2077)', 'Worldlink Communications (Karnali) (2077)', '', NULL, NULL);

-- --------------------------------------------------------

--
-- Table structure for table `failed_jobs`
--

CREATE TABLE `failed_jobs` (
  `id` bigint(20) UNSIGNED NOT NULL,
  `connection` text COLLATE utf8mb4_unicode_ci NOT NULL,
  `queue` text COLLATE utf8mb4_unicode_ci NOT NULL,
  `payload` longtext COLLATE utf8mb4_unicode_ci NOT NULL,
  `exception` longtext COLLATE utf8mb4_unicode_ci NOT NULL,
  `failed_at` timestamp NOT NULL DEFAULT current_timestamp()
) ENGINE=InnoDB DEFAULT CHARSET=utf8mb4 COLLATE=utf8mb4_unicode_ci;

-- --------------------------------------------------------

--
-- Table structure for table `fiscal_years`
--

CREATE TABLE `fiscal_years` (
  `id` bigint(20) UNSIGNED NOT NULL,
  `name` varchar(255) COLLATE utf8mb4_unicode_ci NOT NULL,
  `start_date` varchar(255) COLLATE utf8mb4_unicode_ci NOT NULL,
  `end_date` varchar(255) COLLATE utf8mb4_unicode_ci NOT NULL,
  `deleted_at` timestamp NULL DEFAULT NULL,
  `created_at` timestamp NULL DEFAULT NULL,
  `updated_at` timestamp NULL DEFAULT NULL
) ENGINE=InnoDB DEFAULT CHARSET=utf8mb4 COLLATE=utf8mb4_unicode_ci;

--
-- Dumping data for table `fiscal_years`
--

INSERT INTO `fiscal_years` (`id`, `name`, `start_date`, `end_date`, `deleted_at`, `created_at`, `updated_at`) VALUES
(1, '2078-2079', '2078-03-01 00:00:00', '2079-03-01 00:00:00', NULL, '2022-06-13 11:13:39', '2022-06-15 11:36:31');

-- --------------------------------------------------------

--
-- Table structure for table `migrations`
--

CREATE TABLE `migrations` (
  `id` int(10) UNSIGNED NOT NULL,
  `migration` varchar(255) COLLATE utf8mb4_unicode_ci NOT NULL,
  `batch` int(11) NOT NULL
) ENGINE=InnoDB DEFAULT CHARSET=utf8mb4 COLLATE=utf8mb4_unicode_ci;

--
-- Dumping data for table `migrations`
--

INSERT INTO `migrations` (`id`, `migration`, `batch`) VALUES
(1, '2014_10_12_000000_create_users_table', 1),
(2, '2014_10_12_100000_create_password_resets_table', 1),
(3, '2019_08_19_000000_create_failed_jobs_table', 1),
(4, '2020_08_09_061732_create_documents_table', 1),
(5, '2020_08_25_140920_create_document_folders_table', 1),
(6, '2020_08_25_145317_create_fiscal_years_table', 1);

-- --------------------------------------------------------

--
-- Table structure for table `password_resets`
--

CREATE TABLE `password_resets` (
  `email` varchar(255) COLLATE utf8mb4_unicode_ci NOT NULL,
  `token` varchar(255) COLLATE utf8mb4_unicode_ci NOT NULL,
  `created_at` timestamp NULL DEFAULT NULL
) ENGINE=InnoDB DEFAULT CHARSET=utf8mb4 COLLATE=utf8mb4_unicode_ci;

-- --------------------------------------------------------

--
-- Table structure for table `users`
--

CREATE TABLE `users` (
  `id` bigint(20) UNSIGNED NOT NULL,
  `username` varchar(255) COLLATE utf8mb4_unicode_ci NOT NULL,
  `password` varchar(255) COLLATE utf8mb4_unicode_ci NOT NULL,
  `created_at` timestamp NULL DEFAULT NULL,
  `updated_at` timestamp NULL DEFAULT NULL
) ENGINE=InnoDB DEFAULT CHARSET=utf8mb4 COLLATE=utf8mb4_unicode_ci;

--
-- Dumping data for table `users`
--

INSERT INTO `users` (`id`, `username`, `password`, `created_at`, `updated_at`) VALUES
(1, 'admin', '$2y$10$xQVsmillvQMCIXA.k8izjuuGeEHN2Xpk.8kcUkCAdmq1r3.EBt.6S', NULL, NULL);

--
-- Indexes for dumped tables
--

--
-- Indexes for table `documents`
--
ALTER TABLE `documents`
  ADD PRIMARY KEY (`id`);

--
-- Indexes for table `document_folders`
--
ALTER TABLE `document_folders`
  ADD PRIMARY KEY (`id`);

--
-- Indexes for table `failed_jobs`
--
ALTER TABLE `failed_jobs`
  ADD PRIMARY KEY (`id`);

--
-- Indexes for table `fiscal_years`
--
ALTER TABLE `fiscal_years`
  ADD PRIMARY KEY (`id`);

--
-- Indexes for table `migrations`
--
ALTER TABLE `migrations`
  ADD PRIMARY KEY (`id`);

--
-- Indexes for table `password_resets`
--
ALTER TABLE `password_resets`
  ADD KEY `password_resets_email_index` (`email`);

--
-- Indexes for table `users`
--
ALTER TABLE `users`
  ADD PRIMARY KEY (`id`),
  ADD UNIQUE KEY `users_username_unique` (`username`);

--
-- AUTO_INCREMENT for dumped tables
--

--
-- AUTO_INCREMENT for table `documents`
--
ALTER TABLE `documents`
  MODIFY `id` bigint(20) UNSIGNED NOT NULL AUTO_INCREMENT, AUTO_INCREMENT=1382;

--
-- AUTO_INCREMENT for table `document_folders`
--
ALTER TABLE `document_folders`
  MODIFY `id` bigint(20) UNSIGNED NOT NULL AUTO_INCREMENT, AUTO_INCREMENT=58;

--
-- AUTO_INCREMENT for table `failed_jobs`
--
ALTER TABLE `failed_jobs`
  MODIFY `id` bigint(20) UNSIGNED NOT NULL AUTO_INCREMENT;

--
-- AUTO_INCREMENT for table `fiscal_years`
--
ALTER TABLE `fiscal_years`
  MODIFY `id` bigint(20) UNSIGNED NOT NULL AUTO_INCREMENT, AUTO_INCREMENT=2;

--
-- AUTO_INCREMENT for table `migrations`
--
ALTER TABLE `migrations`
  MODIFY `id` int(10) UNSIGNED NOT NULL AUTO_INCREMENT, AUTO_INCREMENT=7;

--
-- AUTO_INCREMENT for table `users`
--
ALTER TABLE `users`
  MODIFY `id` bigint(20) UNSIGNED NOT NULL AUTO_INCREMENT, AUTO_INCREMENT=2;
COMMIT;

/*!40101 SET CHARACTER_SET_CLIENT=@OLD_CHARACTER_SET_CLIENT */;
/*!40101 SET CHARACTER_SET_RESULTS=@OLD_CHARACTER_SET_RESULTS */;
/*!40101 SET COLLATION_CONNECTION=@OLD_COLLATION_CONNECTION */;
